"No.","Time","Source","Destination","Protocol","Length","Info"
"1","0.000000000","192.168.153.1","224.0.0.251","MDNS","81","Standard query 0x0000 PTR _XSplitCam._tcp.local, ""QU"" question"
"2","2.115019549","192.168.153.1","224.0.0.251","MDNS","81","Standard query 0x0000 PTR _XSplitCam._tcp.local, ""QU"" question"
"3","4.234098738","192.168.153.1","224.0.0.251","MDNS","81","Standard query 0x0000 PTR _XSplitCam._tcp.local, ""QU"" question"
"4","6.352680806","192.168.153.1","224.0.0.251","MDNS","81","Standard query 0x0000 PTR _XSplitCam._tcp.local, ""QU"" question"
"5","8.470727094","192.168.153.1","224.0.0.251","MDNS","81","Standard query 0x0000 PTR _XSplitCam._tcp.local, ""QU"" question"
"6","10.587500760","192.168.153.1","224.0.0.251","MDNS","81","Standard query 0x0000 PTR _XSplitCam._tcp.local, ""QU"" question"
"7","15.314282063","192.168.153.1","224.0.0.251","MDNS","81","Standard query 0x0000 PTR _XSplitCam._tcp.local, ""QU"" question"
"8","15.770473421","192.168.153.1","224.0.0.251","MDNS","81","Standard query 0x0000 A BRW4C82A94B53F9.local, ""QM"" question"
"9","15.771345377","fe80::e62b:d1db:2bd6:4437","ff02::fb","MDNS","101","Standard query 0x0000 A BRW4C82A94B53F9.local, ""QM"" question"
"10","15.772957711","192.168.153.1","224.0.0.251","MDNS","81","Standard query 0x0000 A BRW4C82A94B53F9.local, ""QM"" question"
"11","15.773563948","fe80::e62b:d1db:2bd6:4437","ff02::fb","MDNS","101","Standard query 0x0000 A BRW4C82A94B53F9.local, ""QM"" question"
"12","15.774517413","fe80::e62b:d1db:2bd6:4437","ff02::1:3","LLMNR","95","Standard query 0x69e2 A BRW4C82A94B53F9"
"13","15.774517592","192.168.153.1","224.0.0.252","LLMNR","75","Standard query 0x69e2 A BRW4C82A94B53F9"
"14","20.308747610","192.168.153.1","224.0.0.251","MDNS","81","Standard query 0x0000 PTR _XSplitCam._tcp.local, ""QU"" question"
"15","25.312612513","192.168.153.1","224.0.0.251","MDNS","81","Standard query 0x0000 PTR _XSplitCam._tcp.local, ""QU"" question"
"16","27.428925195","192.168.153.1","224.0.0.251","MDNS","81","Standard query 0x0000 PTR _XSplitCam._tcp.local, ""QU"" question"
"17","29.536438247","192.168.153.1","224.0.0.251","MDNS","81","Standard query 0x0000 PTR _XSplitCam._tcp.local, ""QU"" question"
"18","30.359829444","fe80::6ffa:8a8e:a8ca:5b63","ff02::2","ICMPv6","62","Router Solicitation"
"19","31.651964819","192.168.153.1","224.0.0.251","MDNS","81","Standard query 0x0000 PTR _XSplitCam._tcp.local, ""QU"" question"
"20","32.120736463","VMware_96:a6:89","Broadcast","ARP","42","Who has 192.168.153.1? Tell 192.168.153.128"
"21","32.121308009","VMware_c0:00:01","VMware_96:a6:89","ARP","60","192.168.153.1 is at 00:50:56:c0:00:01"
"22","32.121325561","192.168.153.128","192.168.153.1","DNS","89","Standard query 0x3cd7 A avatars.githubusercontent.com"
"23","32.121394083","192.168.153.128","192.168.153.1","DNS","89","Standard query 0x7944 HTTPS avatars.githubusercontent.com"
"24","32.177034149","192.168.153.128","192.168.153.1","DNS","79","Standard query 0x7603 A default.exp-tas.com"
"25","32.177493906","192.168.153.128","192.168.153.1","DNS","79","Standard query 0x1a85 HTTPS default.exp-tas.com"
"26","33.132353915","192.168.153.128","192.168.153.1","DNS","89","Standard query 0xff7f A avatars.githubusercontent.com"
"27","33.132469208","192.168.153.128","192.168.153.1","DNS","89","Standard query 0xe98a HTTPS avatars.githubusercontent.com"
"28","33.189055798","192.168.153.128","192.168.153.1","DNS","79","Standard query 0xbeb7 A default.exp-tas.com"
"29","33.189200558","192.168.153.128","192.168.153.1","DNS","79","Standard query 0xf6eb HTTPS default.exp-tas.com"
"30","33.237493219","192.168.153.128","192.168.153.1","DNS","79","Standard query 0xdd6e A main.vscode-cdn.net"
"31","33.237634506","192.168.153.128","192.168.153.1","DNS","79","Standard query 0xcf57 HTTPS main.vscode-cdn.net"
"32","33.761796150","192.168.153.1","224.0.0.251","MDNS","81","Standard query 0x0000 PTR _XSplitCam._tcp.local, ""QU"" question"
"33","34.075209004","192.168.153.128","192.168.153.1","DNS","88","Standard query 0x6084 A update.code.visualstudio.com"
"34","34.075671826","192.168.153.128","192.168.153.1","DNS","88","Standard query 0xdc37 HTTPS update.code.visualstudio.com"
"35","34.248709020","192.168.153.128","192.168.153.1","DNS","79","Standard query 0x8129 A main.vscode-cdn.net"
"36","34.249330640","192.168.153.128","192.168.153.1","DNS","79","Standard query 0xdbc3 HTTPS main.vscode-cdn.net"
"37","35.062788958","192.168.153.128","192.168.153.1","DNS","92","Standard query 0xb52c A mobile.events.data.microsoft.com"
"38","35.063024833","192.168.153.128","192.168.153.1","DNS","92","Standard query 0x8e28 HTTPS mobile.events.data.microsoft.com"
"39","35.086720917","192.168.153.128","192.168.153.1","DNS","88","Standard query 0x769f A update.code.visualstudio.com"
"40","35.086932356","192.168.153.128","192.168.153.1","DNS","88","Standard query 0x67d2 HTTPS update.code.visualstudio.com"
"41","35.160298999","192.168.153.128","192.168.153.1","DNS","89","Standard query 0x1f54 A avatars.githubusercontent.com"
"42","35.210194014","192.168.153.128","192.168.153.1","DNS","79","Standard query 0x3a94 A default.exp-tas.com"
"43","35.472799050","192.168.153.128","192.168.153.1","DNS","74","Standard query 0xf639 A api.github.com"
"44","35.472981342","192.168.153.128","192.168.153.1","DNS","74","Standard query 0xd4dc HTTPS api.github.com"
"45","35.616229276","192.168.153.128","192.168.153.1","DNS","79","Standard query 0x45f6 A default.exp-tas.com"
"46","35.616307468","192.168.153.128","192.168.153.1","DNS","79","Standard query 0xb5f4 AAAA default.exp-tas.com"
"47","35.870079900","192.168.153.1","224.0.0.251","MDNS","81","Standard query 0x0000 PTR _XSplitCam._tcp.local, ""QU"" question"
"48","36.076147547","192.168.153.128","192.168.153.1","DNS","92","Standard query 0xaf4a A mobile.events.data.microsoft.com"
"49","36.076351971","192.168.153.128","192.168.153.1","DNS","92","Standard query 0x5ea6 HTTPS mobile.events.data.microsoft.com"
"50","36.271255248","192.168.153.128","192.168.153.1","DNS","79","Standard query 0xd7f9 A main.vscode-cdn.net"
"51","36.483743933","192.168.153.128","192.168.153.1","DNS","74","Standard query 0x1a70 A api.github.com"
"52","36.483935860","192.168.153.128","192.168.153.1","DNS","74","Standard query 0x722d HTTPS api.github.com"
"53","36.485840117","192.168.153.128","192.168.153.1","DNS","101","Standard query 0xb8dd A westus-0.in.applicationinsights.azure.com"
"54","36.485935391","192.168.153.128","192.168.153.1","DNS","101","Standard query 0x8db1 AAAA westus-0.in.applicationinsights.azure.com"
"55","36.642348321","192.168.153.128","192.168.153.1","DNS","80","Standard query 0x04ab A education.github.com"
"56","36.642554898","192.168.153.128","192.168.153.1","DNS","80","Standard query 0x3af6 HTTPS education.github.com"
"57","36.905741370","192.168.153.128","192.168.153.1","DNS","74","Standard query 0x5347 A api.github.com"
"58","36.905969646","192.168.153.128","192.168.153.1","DNS","74","Standard query 0x73bd HTTPS api.github.com"
"59","37.109711538","192.168.153.128","192.168.153.1","DNS","88","Standard query 0x39e1 A update.code.visualstudio.com"
"60","37.655222267","192.168.153.128","192.168.153.1","DNS","80","Standard query 0x851c A education.github.com"
"61","37.655481741","192.168.153.128","192.168.153.1","DNS","80","Standard query 0x031c HTTPS education.github.com"
"62","37.916992857","192.168.153.128","192.168.153.1","DNS","74","Standard query 0xcc4e A api.github.com"
"63","37.917311918","192.168.153.128","192.168.153.1","DNS","74","Standard query 0x275c HTTPS api.github.com"
"64","37.989338292","192.168.153.1","224.0.0.251","MDNS","81","Standard query 0x0000 PTR _XSplitCam._tcp.local, ""QU"" question"
"65","38.102023596","192.168.153.128","192.168.153.1","DNS","92","Standard query 0x9885 A mobile.events.data.microsoft.com"
"66","38.507109915","192.168.153.128","192.168.153.1","DNS","74","Standard query 0xc965 A api.github.com"
"67","39.678837588","192.168.153.128","192.168.153.1","DNS","80","Standard query 0x8fdb A education.github.com"
"68","39.941254026","192.168.153.128","192.168.153.1","DNS","74","Standard query 0xf76d A api.github.com"
"69","40.108188362","192.168.153.1","224.0.0.251","MDNS","81","Standard query 0x0000 PTR _XSplitCam._tcp.local, ""QU"" question"
"70","40.170148029","192.168.153.128","192.168.153.1","DNS","89","Standard query 0x1f54 A avatars.githubusercontent.com"
"71","40.217809484","192.168.153.128","192.168.153.1","DNS","79","Standard query 0x3a94 A default.exp-tas.com"
"72","40.621033460","192.168.153.128","192.168.153.1","DNS","79","Standard query 0x45f6 A default.exp-tas.com"
"73","40.621121387","192.168.153.128","192.168.153.1","DNS","79","Standard query 0xb5f4 AAAA default.exp-tas.com"
"74","41.162275186","192.168.153.128","192.168.153.1","DNS","89","Standard query 0xc88b A avatars.githubusercontent.com"
"75","41.226377568","192.168.153.128","192.168.153.1","DNS","79","Standard query 0x812c A default.exp-tas.com"
"76","41.287749276","192.168.153.128","192.168.153.1","DNS","79","Standard query 0xd7f9 A main.vscode-cdn.net"
"77","41.488551813","192.168.153.128","192.168.153.1","DNS","101","Standard query 0xb8dd A westus-0.in.applicationinsights.azure.com"
"78","41.488682818","192.168.153.128","192.168.153.1","DNS","101","Standard query 0x8db1 AAAA westus-0.in.applicationinsights.azure.com"
"79","42.112514159","192.168.153.128","192.168.153.1","DNS","88","Standard query 0x39e1 A update.code.visualstudio.com"
"80","42.227446208","192.168.153.1","224.0.0.251","MDNS","81","Standard query 0x0000 PTR _XSplitCam._tcp.local, ""QU"" question"
"81","42.271755287","192.168.153.128","192.168.153.1","DNS","79","Standard query 0x07d1 A main.vscode-cdn.net"
"82","43.113554817","192.168.153.128","192.168.153.1","DNS","92","Standard query 0x9885 A mobile.events.data.microsoft.com"
"83","43.114665531","192.168.153.128","192.168.153.1","DNS","88","Standard query 0xef4e A update.code.visualstudio.com"
"84","43.513294320","192.168.153.128","192.168.153.1","DNS","74","Standard query 0xc965 A api.github.com"
"85","43.670843294","192.168.153.128","192.168.153.1","DNS","88","Standard query 0x48cc A marketplace.visualstudio.com"
"86","43.670940096","192.168.153.128","192.168.153.1","DNS","88","Standard query 0x1678 HTTPS marketplace.visualstudio.com"
"87","44.106263090","192.168.153.128","192.168.153.1","DNS","92","Standard query 0x4235 A mobile.events.data.microsoft.com"
"88","44.341665440","192.168.153.1","224.0.0.251","MDNS","81","Standard query 0x0000 PTR _XSplitCam._tcp.local, ""QU"" question"
"89","44.510776943","192.168.153.128","192.168.153.1","DNS","74","Standard query 0xbc11 A api.github.com"
"90","44.681875861","192.168.153.128","192.168.153.1","DNS","88","Standard query 0x886f A marketplace.visualstudio.com"
"91","44.682136132","192.168.153.128","192.168.153.1","DNS","88","Standard query 0x416a HTTPS marketplace.visualstudio.com"
"92","44.684156358","192.168.153.128","192.168.153.1","DNS","80","Standard query 0x8fdb A education.github.com"
"93","44.946154935","192.168.153.128","192.168.153.1","DNS","74","Standard query 0xf76d A api.github.com"
"94","45.177060465","192.168.153.128","192.168.153.1","DNS","101","Standard query 0x1953 A avatars.githubusercontent.com.localdomain"
"95","45.220829901","192.168.153.128","192.168.153.1","DNS","91","Standard query 0x675c A default.exp-tas.com.localdomain"
"96","45.635954707","192.168.153.128","192.168.153.1","DNS","91","Standard query 0x7ad5 A default.exp-tas.com.localdomain"
"97","45.636201419","192.168.153.128","192.168.153.1","DNS","91","Standard query 0xd9dc AAAA default.exp-tas.com.localdomain"
"98","45.683080122","192.168.153.128","192.168.153.1","DNS","80","Standard query 0x5952 A education.github.com"
"99","45.945757719","192.168.153.128","192.168.153.1","DNS","74","Standard query 0x2391 A api.github.com"
"100","46.177652999","192.168.153.128","192.168.153.1","DNS","89","Standard query 0xc88b A avatars.githubusercontent.com"
"101","46.238066867","192.168.153.128","192.168.153.1","DNS","79","Standard query 0x812c A default.exp-tas.com"
"102","46.299471687","192.168.153.128","192.168.153.1","DNS","91","Standard query 0x5e68 A main.vscode-cdn.net.localdomain"
"103","46.461738815","192.168.153.1","224.0.0.251","MDNS","81","Standard query 0x0000 PTR _XSplitCam._tcp.local, ""QU"" question"
"104","46.492448821","192.168.153.128","192.168.153.1","DNS","113","Standard query 0xc68e A westus-0.in.applicationinsights.azure.com.localdomain"
"105","46.492740464","192.168.153.128","192.168.153.1","DNS","113","Standard query 0x9c84 AAAA westus-0.in.applicationinsights.azure.com.localdomain"
"106","46.716163211","192.168.153.128","192.168.153.1","DNS","88","Standard query 0xcb54 A marketplace.visualstudio.com"
"107","47.118152488","192.168.153.128","192.168.153.1","DNS","100","Standard query 0xa231 A update.code.visualstudio.com.localdomain"
"108","47.276663015","192.168.153.128","192.168.153.1","DNS","79","Standard query 0x07d1 A main.vscode-cdn.net"
"109","48.135282736","192.168.153.128","192.168.153.1","DNS","88","Standard query 0xef4e A update.code.visualstudio.com"
"110","48.135618444","192.168.153.128","192.168.153.1","DNS","104","Standard query 0x6f0b A mobile.events.data.microsoft.com.localdomain"
"111","48.517780387","192.168.153.128","192.168.153.1","DNS","86","Standard query 0x952d A api.github.com.localdomain"
"112","48.574497614","192.168.153.1","224.0.0.251","MDNS","81","Standard query 0x0000 PTR _XSplitCam._tcp.local, ""QU"" question"
"113","49.111227612","192.168.153.128","192.168.153.1","DNS","92","Standard query 0x4235 A mobile.events.data.microsoft.com"
"114","49.516803591","192.168.153.128","192.168.153.1","DNS","74","Standard query 0xbc11 A api.github.com"
"115","49.701203925","192.168.153.128","192.168.153.1","DNS","92","Standard query 0x87de A education.github.com.localdomain"
"116","49.963731728","192.168.153.128","192.168.153.1","DNS","86","Standard query 0xede6 A api.github.com.localdomain"
"117","50.195191358","192.168.153.128","192.168.153.1","DNS","101","Standard query 0x1953 A avatars.githubusercontent.com.localdomain"
"118","50.224528476","192.168.153.128","192.168.153.1","DNS","91","Standard query 0x675c A default.exp-tas.com.localdomain"
"119","50.640730348","192.168.153.128","192.168.153.1","DNS","91","Standard query 0x7ad5 A default.exp-tas.com.localdomain"
"120","50.640845911","192.168.153.128","192.168.153.1","DNS","91","Standard query 0xd9dc AAAA default.exp-tas.com.localdomain"
"121","50.693520530","192.168.153.1","224.0.0.251","MDNS","81","Standard query 0x0000 PTR _XSplitCam._tcp.local, ""QU"" question"
"122","50.694183993","192.168.153.128","192.168.153.1","DNS","80","Standard query 0x5952 A education.github.com"
"123","50.959234445","192.168.153.128","192.168.153.1","DNS","74","Standard query 0x2391 A api.github.com"
"124","51.191718288","192.168.153.128","192.168.153.1","DNS","101","Standard query 0x37cc A avatars.githubusercontent.com.localdomain"
"125","51.253332991","192.168.153.128","192.168.153.1","DNS","91","Standard query 0xaf07 A default.exp-tas.com.localdomain"
"126","51.314224101","192.168.153.128","192.168.153.1","DNS","91","Standard query 0x5e68 A main.vscode-cdn.net.localdomain"
"127","51.500522723","192.168.153.128","192.168.153.1","DNS","113","Standard query 0xc68e A westus-0.in.applicationinsights.azure.com.localdomain"
"128","51.500659142","192.168.153.128","192.168.153.1","DNS","113","Standard query 0x9c84 AAAA westus-0.in.applicationinsights.azure.com.localdomain"
"129","51.733416539","192.168.153.128","192.168.153.1","DNS","88","Standard query 0xcb54 A marketplace.visualstudio.com"
"130","52.122579641","192.168.153.128","192.168.153.1","DNS","100","Standard query 0xa231 A update.code.visualstudio.com.localdomain"
"131","52.280505559","192.168.153.128","192.168.153.1","DNS","91","Standard query 0xd413 A main.vscode-cdn.net.localdomain"
"132","52.731883764","192.168.153.128","192.168.153.1","DNS","88","Standard query 0x6ea4 A marketplace.visualstudio.com"
"133","52.814002487","192.168.153.1","224.0.0.251","MDNS","81","Standard query 0x0000 PTR _XSplitCam._tcp.local, ""QU"" question"
"134","53.144561294","192.168.153.128","192.168.153.1","DNS","104","Standard query 0x6f0b A mobile.events.data.microsoft.com.localdomain"
"135","53.144810452","192.168.153.128","192.168.153.1","DNS","100","Standard query 0x1fc9 A update.code.visualstudio.com.localdomain"
"136","53.162826634","192.168.153.128","192.168.153.1","DNS","89","Standard query 0x70c9 A avatars.githubusercontent.com"
"137","53.231447774","192.168.153.128","192.168.153.1","DNS","79","Standard query 0x839f A default.exp-tas.com"
"138","53.524605032","192.168.153.128","192.168.153.1","DNS","86","Standard query 0x952d A api.github.com.localdomain"
"139","54.116357661","192.168.153.128","192.168.153.1","DNS","104","Standard query 0xbc7c A mobile.events.data.microsoft.com.localdomain"
"140","54.272639933","192.168.153.128","192.168.153.1","DNS","79","Standard query 0x8fa5 A main.vscode-cdn.net"
"141","54.530053962","192.168.153.128","192.168.153.1","DNS","86","Standard query 0xc16c A api.github.com.localdomain"
"142","54.717690722","192.168.153.128","192.168.153.1","DNS","92","Standard query 0x87de A education.github.com.localdomain"
"143","54.933674893","192.168.153.1","224.0.0.251","MDNS","81","Standard query 0x0000 PTR _XSplitCam._tcp.local, ""QU"" question"
"144","54.982842028","192.168.153.128","192.168.153.1","DNS","86","Standard query 0xede6 A api.github.com.localdomain"
"145","55.124059045","192.168.153.128","192.168.153.1","DNS","88","Standard query 0xfca4 A update.code.visualstudio.com"
"146","55.220112010","192.168.153.128","192.168.153.1","DNS","89","Standard query 0x37b1 A avatars.githubusercontent.com"
"147","55.220364748","192.168.153.128","192.168.153.1","DNS","89","Standard query 0xeb2b HTTPS avatars.githubusercontent.com"
"148","55.231986545","192.168.153.128","192.168.153.1","DNS","79","Standard query 0x9d02 A default.exp-tas.com"
"149","55.232212743","192.168.153.128","192.168.153.1","DNS","79","Standard query 0xf3dc HTTPS default.exp-tas.com"
"150","55.644844506","192.168.153.128","192.168.153.1","DNS","99","Standard query 0x1b28 A copilot-telemetry.githubusercontent.com"
"151","55.645000994","192.168.153.128","192.168.153.1","DNS","99","Standard query 0x5523 AAAA copilot-telemetry.githubusercontent.com"
"152","55.710522013","192.168.153.128","192.168.153.1","DNS","92","Standard query 0xead3 A education.github.com.localdomain"
"153","55.973604382","192.168.153.128","192.168.153.1","DNS","86","Standard query 0xdadd A api.github.com.localdomain"
"154","56.116549255","192.168.153.128","192.168.153.1","DNS","92","Standard query 0x8c34 A mobile.events.data.microsoft.com"
"155","56.208193883","192.168.153.128","192.168.153.1","DNS","101","Standard query 0x37cc A avatars.githubusercontent.com.localdomain"
"156","56.239856688","192.168.153.128","192.168.153.1","DNS","89","Standard query 0xe8e9 A avatars.githubusercontent.com"
"157","56.240125813","192.168.153.128","192.168.153.1","DNS","89","Standard query 0x57f2 HTTPS avatars.githubusercontent.com"
"158","56.246296269","192.168.153.128","192.168.153.1","DNS","79","Standard query 0xb24e A default.exp-tas.com"
"159","56.246555562","192.168.153.128","192.168.153.1","DNS","79","Standard query 0xbaaa HTTPS default.exp-tas.com"
"160","56.271677719","192.168.153.128","192.168.153.1","DNS","91","Standard query 0xaf07 A default.exp-tas.com.localdomain"
"161","56.505046016","192.168.153.128","192.168.153.1","DNS","74","Standard query 0xffa2 A api.github.com"
"162","56.505134288","192.168.153.128","192.168.153.1","DNS","74","Standard query 0xb2a6 AAAA api.github.com"
"163","56.512590971","192.168.153.128","192.168.153.1","DNS","74","Standard query 0x8fa7 A api.github.com"
"164","56.736432946","192.168.153.128","192.168.153.1","DNS","100","Standard query 0x820b A marketplace.visualstudio.com.localdomain"
"165","57.059352257","192.168.153.1","224.0.0.251","MDNS","81","Standard query 0x0000 PTR _XSplitCam._tcp.local, ""QU"" question"
"166","57.126880211","192.168.153.128","192.168.153.1","DNS","88","Standard query 0x8a87 A update.code.visualstudio.com"
"167","57.127211428","192.168.153.128","192.168.153.1","DNS","88","Standard query 0x65bd HTTPS update.code.visualstudio.com"
"168","57.297995381","192.168.153.128","192.168.153.1","DNS","91","Standard query 0xd413 A main.vscode-cdn.net.localdomain"
"169","57.683525335","192.168.153.128","192.168.153.1","DNS","80","Standard query 0x1ed9 A education.github.com"
"170","57.745355401","192.168.153.128","192.168.153.1","DNS","88","Standard query 0x6ea4 A marketplace.visualstudio.com"
"171","57.946621610","192.168.153.128","192.168.153.1","DNS","74","Standard query 0x730d A api.github.com"
"172","58.144208215","192.168.153.128","192.168.153.1","DNS","88","Standard query 0x0e77 A update.code.visualstudio.com"
"173","58.144762711","192.168.153.128","192.168.153.1","DNS","88","Standard query 0x6713 HTTPS update.code.visualstudio.com"
"174","58.159245852","192.168.153.128","192.168.153.1","DNS","100","Standard query 0x1fc9 A update.code.visualstudio.com.localdomain"
"175","58.161429927","192.168.153.128","192.168.153.1","DNS","92","Standard query 0x6ee7 A mobile.events.data.microsoft.com"
"176","58.161955058","192.168.153.128","192.168.153.1","DNS","92","Standard query 0x170e HTTPS mobile.events.data.microsoft.com"
"177","58.174385639","192.168.153.128","192.168.153.1","DNS","89","Standard query 0x70c9 A avatars.githubusercontent.com"
"178","58.238686958","192.168.153.128","192.168.153.1","DNS","79","Standard query 0x839f A default.exp-tas.com"
"179","58.270608045","192.168.153.128","192.168.153.1","DNS","89","Standard query 0x8a86 A avatars.githubusercontent.com"
"180","58.270831493","192.168.153.128","192.168.153.1","DNS","79","Standard query 0xd432 A default.exp-tas.com"
"181","58.533277660","192.168.153.128","192.168.153.1","DNS","74","Standard query 0xd0fe A api.github.com"
"182","58.533558919","192.168.153.128","192.168.153.1","DNS","74","Standard query 0x7c35 HTTPS api.github.com"
"183","59.121903636","192.168.153.128","192.168.153.1","DNS","104","Standard query 0xbc7c A mobile.events.data.microsoft.com.localdomain"
"184","59.181241101","192.168.153.1","224.0.0.251","MDNS","81","Standard query 0x0000 PTR _XSplitCam._tcp.local, ""QU"" question"
"185","59.182150219","192.168.153.128","192.168.153.1","DNS","92","Standard query 0x6c73 A mobile.events.data.microsoft.com"
"186","59.182363385","192.168.153.128","192.168.153.1","DNS","92","Standard query 0x47bb HTTPS mobile.events.data.microsoft.com"
"187","59.290783083","192.168.153.128","192.168.153.1","DNS","79","Standard query 0x8fa5 A main.vscode-cdn.net"
"188","59.538317972","192.168.153.128","192.168.153.1","DNS","86","Standard query 0xc16c A api.github.com.localdomain"
"189","59.554125376","192.168.153.128","192.168.153.1","DNS","74","Standard query 0xff87 A api.github.com"
"190","59.554690780","192.168.153.128","192.168.153.1","DNS","74","Standard query 0xc9ef HTTPS api.github.com"
"191","59.722531374","192.168.153.128","192.168.153.1","DNS","80","Standard query 0x4421 A education.github.com"
"192","59.722771696","192.168.153.128","192.168.153.1","DNS","80","Standard query 0x4282 HTTPS education.github.com"
"193","59.988029440","192.168.153.128","192.168.153.1","DNS","74","Standard query 0x93c0 A api.github.com"
"194","59.988361656","192.168.153.128","192.168.153.1","DNS","74","Standard query 0xca64 HTTPS api.github.com"
"195","60.139813535","192.168.153.128","192.168.153.1","DNS","88","Standard query 0xfca4 A update.code.visualstudio.com"
"196","60.172024692","192.168.153.128","192.168.153.1","DNS","88","Standard query 0x8be8 A update.code.visualstudio.com"
"197","60.649013496","192.168.153.128","192.168.153.1","DNS","99","Standard query 0x1b28 A copilot-telemetry.githubusercontent.com"
"198","60.649136443","192.168.153.128","192.168.153.1","DNS","99","Standard query 0x5523 AAAA copilot-telemetry.githubusercontent.com"
"199","60.715149678","192.168.153.128","192.168.153.1","DNS","92","Standard query 0xead3 A education.github.com.localdomain"
"200","60.739711363","192.168.153.128","192.168.153.1","DNS","80","Standard query 0x7c6a A education.github.com"
"201","60.739980605","192.168.153.128","192.168.153.1","DNS","80","Standard query 0x5dc8 HTTPS education.github.com"
"202","60.977438844","192.168.153.128","192.168.153.1","DNS","86","Standard query 0xdadd A api.github.com.localdomain"
"203","61.000612283","192.168.153.128","192.168.153.1","DNS","74","Standard query 0x4a09 A api.github.com"
"204","61.000866517","192.168.153.128","192.168.153.1","DNS","74","Standard query 0x7ca0 HTTPS api.github.com"
"205","61.120616624","192.168.153.128","192.168.153.1","DNS","92","Standard query 0x8c34 A mobile.events.data.microsoft.com"
"206","61.203483340","192.168.153.128","192.168.153.1","DNS","92","Standard query 0x1f2a A mobile.events.data.microsoft.com"
"207","61.291649582","192.168.153.1","224.0.0.251","MDNS","81","Standard query 0x0000 PTR _XSplitCam._tcp.local, ""QU"" question"
"208","61.511841310","192.168.153.128","192.168.153.1","DNS","74","Standard query 0xffa2 A api.github.com"
"209","61.512197461","192.168.153.128","192.168.153.1","DNS","74","Standard query 0xb2a6 AAAA api.github.com"
"210","61.525157182","192.168.153.128","192.168.153.1","DNS","74","Standard query 0x8fa7 A api.github.com"
"211","61.588129165","192.168.153.128","192.168.153.1","DNS","74","Standard query 0xea00 A api.github.com"
"212","61.740619854","192.168.153.128","192.168.153.1","DNS","100","Standard query 0x820b A marketplace.visualstudio.com.localdomain"
"213","62.695034728","192.168.153.128","192.168.153.1","DNS","80","Standard query 0x1ed9 A education.github.com"
"214","62.757816273","VMware_96:a6:89","VMware_c0:00:01","ARP","42","Who has 192.168.153.1? Tell 192.168.153.128"
"215","62.758714990","VMware_c0:00:01","VMware_96:a6:89","ARP","60","192.168.153.1 is at 00:50:56:c0:00:01"
"216","62.758851449","192.168.153.128","192.168.153.1","DNS","100","Standard query 0xa1f0 A marketplace.visualstudio.com.localdomain"
"217","62.774378761","192.168.153.128","192.168.153.1","DNS","80","Standard query 0xa811 A education.github.com"
"218","62.958073106","192.168.153.128","192.168.153.1","DNS","74","Standard query 0x730d A api.github.com"
"219","63.023485912","192.168.153.128","192.168.153.1","DNS","74","Standard query 0xfd7d A api.github.com"
"220","63.179428540","192.168.153.128","192.168.153.1","DNS","101","Standard query 0x9848 A avatars.githubusercontent.com.localdomain"
"221","63.240660436","192.168.153.128","192.168.153.1","DNS","91","Standard query 0x2f4d A default.exp-tas.com.localdomain"
"222","63.276257705","192.168.153.128","192.168.153.1","DNS","79","Standard query 0xd432 A default.exp-tas.com"
"223","63.276842743","192.168.153.128","192.168.153.1","DNS","89","Standard query 0x8a86 A avatars.githubusercontent.com"
"224","63.410967400","192.168.153.1","224.0.0.251","MDNS","81","Standard query 0x0000 PTR _XSplitCam._tcp.local, ""QU"" question"
"225","64.274260539","192.168.153.128","192.168.153.1","DNS","89","Standard query 0x64ab A avatars.githubusercontent.com"
"226","64.274544724","192.168.153.128","192.168.153.1","DNS","79","Standard query 0xc975 A default.exp-tas.com"
"227","64.304676709","192.168.153.128","192.168.153.1","DNS","91","Standard query 0x0199 A main.vscode-cdn.net.localdomain"
"228","64.737336297","192.168.153.128","192.168.153.1","DNS","88","Standard query 0xef77 A marketplace.visualstudio.com"
"229","65.145191087","192.168.153.128","192.168.153.1","DNS","100","Standard query 0x715a A update.code.visualstudio.com.localdomain"
"230","65.184376287","192.168.153.128","192.168.153.1","DNS","88","Standard query 0x8be8 A update.code.visualstudio.com"
"231","65.534540596","192.168.153.1","224.0.0.251","MDNS","81","Standard query 0x0000 PTR _XSplitCam._tcp.local, ""QU"" question"
"232","65.660735473","192.168.153.128","192.168.153.1","DNS","111","Standard query 0x198e A copilot-telemetry.githubusercontent.com.localdomain"
"233","65.660837321","192.168.153.128","192.168.153.1","DNS","111","Standard query 0x52b5 AAAA copilot-telemetry.githubusercontent.com.localdomain"
"234","66.138848098","192.168.153.128","192.168.153.1","DNS","104","Standard query 0x25dd A mobile.events.data.microsoft.com.localdomain"
"235","66.186258737","192.168.153.128","192.168.153.1","DNS","88","Standard query 0xf4ba A update.code.visualstudio.com"
"236","66.209426599","192.168.153.128","192.168.153.1","DNS","92","Standard query 0x1f2a A mobile.events.data.microsoft.com"
"237","66.527619916","192.168.153.128","192.168.153.1","DNS","86","Standard query 0xef52 A api.github.com.localdomain"
"238","66.527802061","192.168.153.128","192.168.153.1","DNS","86","Standard query 0x6f55 AAAA api.github.com.localdomain"
"239","66.528673649","192.168.153.128","192.168.153.1","DNS","86","Standard query 0xf39c A api.github.com.localdomain"
"240","66.596380623","192.168.153.128","192.168.153.1","DNS","74","Standard query 0xea00 A api.github.com"
"241","66.745251212","192.168.153.128","192.168.153.1","DNS","88","Standard query 0x0205 A marketplace.visualstudio.com"
"242","66.745563004","192.168.153.128","192.168.153.1","DNS","88","Standard query 0xdc1b HTTPS marketplace.visualstudio.com"
"243","67.206222260","192.168.153.128","192.168.153.1","DNS","92","Standard query 0x8186 A mobile.events.data.microsoft.com"
"244","67.592481852","192.168.153.128","192.168.153.1","DNS","74","Standard query 0xe145 A api.github.com"
"245","67.700845829","192.168.153.128","192.168.153.1","DNS","92","Standard query 0xcf48 A education.github.com.localdomain"
"246","67.762847378","192.168.153.128","192.168.153.1","DNS","88","Standard query 0x9581 A marketplace.visualstudio.com"
"247","67.763192831","192.168.153.128","192.168.153.1","DNS","88","Standard query 0xe4ab HTTPS marketplace.visualstudio.com"
"248","67.778297754","192.168.153.128","192.168.153.1","DNS","100","Standard query 0xa1f0 A marketplace.visualstudio.com.localdomain"
"249","67.778646444","192.168.153.128","192.168.153.1","DNS","80","Standard query 0xa811 A education.github.com"
"250","67.961674424","192.168.153.128","192.168.153.1","DNS","86","Standard query 0x0688 A api.github.com.localdomain"
"251","68.029388565","192.168.153.128","192.168.153.1","DNS","74","Standard query 0xfd7d A api.github.com"
"252","68.192796974","192.168.153.128","192.168.153.1","DNS","101","Standard query 0x9848 A avatars.githubusercontent.com.localdomain"
"253","68.254364523","192.168.153.128","192.168.153.1","DNS","91","Standard query 0x2f4d A default.exp-tas.com.localdomain"
"254","68.284608833","192.168.153.128","192.168.153.1","DNS","101","Standard query 0xec12 A avatars.githubusercontent.com.localdomain"
"255","68.284848431","192.168.153.128","192.168.153.1","DNS","91","Standard query 0xf719 A default.exp-tas.com.localdomain"
"256","68.776235749","192.168.153.128","192.168.153.1","DNS","80","Standard query 0xdf04 A education.github.com"
"257","69.036377690","192.168.153.128","192.168.153.1","DNS","74","Standard query 0xd111 A api.github.com"
"258","69.284820551","192.168.153.128","192.168.153.1","DNS","89","Standard query 0x64ab A avatars.githubusercontent.com"
"259","69.285017400","192.168.153.128","192.168.153.1","DNS","79","Standard query 0xc975 A default.exp-tas.com"
"260","69.315659694","192.168.153.128","192.168.153.1","DNS","91","Standard query 0x0199 A main.vscode-cdn.net.localdomain"
"261","69.746020385","192.168.153.128","192.168.153.1","DNS","88","Standard query 0xef77 A marketplace.visualstudio.com"
"262","69.792943730","192.168.153.128","192.168.153.1","DNS","88","Standard query 0x4701 A marketplace.visualstudio.com"
"263","70.161692451","192.168.153.128","192.168.153.1","DNS","100","Standard query 0x715a A update.code.visualstudio.com.localdomain"
"264","70.191659675","192.168.153.128","192.168.153.1","DNS","100","Standard query 0xc6d0 A update.code.visualstudio.com.localdomain"
"265","70.276727992","192.168.153.1","224.0.0.251","MDNS","81","Standard query 0x0000 PTR _XSplitCam._tcp.local, ""QU"" question"
"266","70.670348020","192.168.153.128","192.168.153.1","DNS","111","Standard query 0x198e A copilot-telemetry.githubusercontent.com.localdomain"
"267","70.670574904","192.168.153.128","192.168.153.1","DNS","111","Standard query 0x52b5 AAAA copilot-telemetry.githubusercontent.com.localdomain"
"268","71.147497151","192.168.153.128","192.168.153.1","DNS","104","Standard query 0x25dd A mobile.events.data.microsoft.com.localdomain"
"269","71.194310219","192.168.153.128","192.168.153.1","DNS","88","Standard query 0xf4ba A update.code.visualstudio.com"
"270","71.213083098","192.168.153.128","192.168.153.1","DNS","104","Standard query 0x4e71 A mobile.events.data.microsoft.com.localdomain"
"271","71.536589572","192.168.153.128","192.168.153.1","DNS","86","Standard query 0xf39c A api.github.com.localdomain"
"272","71.536765419","192.168.153.128","192.168.153.1","DNS","86","Standard query 0xef52 A api.github.com.localdomain"
"273","71.536771298","192.168.153.128","192.168.153.1","DNS","86","Standard query 0x6f55 AAAA api.github.com.localdomain"
"274","71.601254341","192.168.153.128","192.168.153.1","DNS","86","Standard query 0x17d8 A api.github.com.localdomain"
"275","72.221462982","192.168.153.128","192.168.153.1","DNS","92","Standard query 0x8186 A mobile.events.data.microsoft.com"
"276","72.596948709","192.168.153.128","192.168.153.1","DNS","74","Standard query 0xe145 A api.github.com"
"277","72.719246623","192.168.153.128","192.168.153.1","DNS","92","Standard query 0xcf48 A education.github.com.localdomain"
"278","72.781875871","192.168.153.128","192.168.153.1","DNS","92","Standard query 0x343d A education.github.com.localdomain"
"279","72.967391750","192.168.153.128","192.168.153.1","DNS","86","Standard query 0x0688 A api.github.com.localdomain"
"280","73.045304361","192.168.153.128","192.168.153.1","DNS","86","Standard query 0x7a30 A api.github.com.localdomain"
"281","73.289877904","192.168.153.128","192.168.153.1","DNS","91","Standard query 0xf719 A default.exp-tas.com.localdomain"
"282","73.292417974","192.168.153.128","192.168.153.1","DNS","101","Standard query 0xec12 A avatars.githubusercontent.com.localdomain"
"283","73.791629476","192.168.153.128","192.168.153.1","DNS","80","Standard query 0xdf04 A education.github.com"
"284","74.055465920","192.168.153.128","192.168.153.1","DNS","74","Standard query 0xd111 A api.github.com"
"285","74.288541373","192.168.153.128","192.168.153.1","DNS","101","Standard query 0xbee0 A avatars.githubusercontent.com.localdomain"
"286","74.302738833","192.168.153.128","192.168.153.1","DNS","91","Standard query 0x7036 A default.exp-tas.com.localdomain"
"287","74.757345234","192.168.153.128","192.168.153.1","DNS","100","Standard query 0xd1d8 A marketplace.visualstudio.com.localdomain"
"288","74.802550247","192.168.153.128","192.168.153.1","DNS","88","Standard query 0x4701 A marketplace.visualstudio.com"
"289","75.206799278","192.168.153.128","192.168.153.1","DNS","100","Standard query 0xc6d0 A update.code.visualstudio.com.localdomain"
"290","75.274879922","192.168.153.1","224.0.0.251","MDNS","81","Standard query 0x0000 PTR _XSplitCam._tcp.local, ""QU"" question"
"291","75.689150754","192.168.153.128","192.168.153.1","DNS","92","Standard query 0x1045 A mobile.events.data.microsoft.com"
"292","75.689291750","192.168.153.128","192.168.153.1","DNS","92","Standard query 0x0b4e AAAA mobile.events.data.microsoft.com"
"293","75.798120068","192.168.153.128","192.168.153.1","DNS","88","Standard query 0x43e8 A marketplace.visualstudio.com"
"294","76.196428485","192.168.153.128","192.168.153.1","DNS","100","Standard query 0x705d A update.code.visualstudio.com.localdomain"
"295","76.217163569","192.168.153.128","192.168.153.1","DNS","104","Standard query 0x4e71 A mobile.events.data.microsoft.com.localdomain"
"296","76.274529311","192.168.153.128","192.168.153.1","DNS","89","Standard query 0xb599 A avatars.githubusercontent.com"
"297","76.274579814","192.168.153.128","192.168.153.1","DNS","79","Standard query 0x9a75 A default.exp-tas.com"
"298","76.544552635","192.168.153.128","192.168.153.1","DNS","92","Standard query 0x818a A mobile.events.data.microsoft.com"
"299","76.544617978","192.168.153.128","192.168.153.1","DNS","92","Standard query 0x4d96 AAAA mobile.events.data.microsoft.com"
"300","76.604625897","192.168.153.128","192.168.153.1","DNS","86","Standard query 0x17d8 A api.github.com.localdomain"
"301","77.224376573","192.168.153.128","192.168.153.1","DNS","104","Standard query 0xad5f A mobile.events.data.microsoft.com.localdomain"
"302","77.600287642","192.168.153.128","192.168.153.1","DNS","86","Standard query 0x368a A api.github.com.localdomain"
"303","77.787026663","192.168.153.128","192.168.153.1","DNS","92","Standard query 0x343d A education.github.com.localdomain"
"304","78.048278215","192.168.153.128","192.168.153.1","DNS","86","Standard query 0x7a30 A api.github.com.localdomain"
"305","78.188681819","192.168.153.128","192.168.153.1","DNS","88","Standard query 0x5dfa A update.code.visualstudio.com"
"306","78.341337673","192.168.153.128","192.168.153.1","DNS","80","Standard query 0xe406 A www.vscode-unpkg.net"
"307","78.341524116","192.168.153.128","192.168.153.1","DNS","80","Standard query 0x98f5 HTTPS www.vscode-unpkg.net"
"308","78.800553802","192.168.153.128","192.168.153.1","DNS","92","Standard query 0xc8e2 A education.github.com.localdomain"
"309","79.060453419","192.168.153.128","192.168.153.1","DNS","86","Standard query 0xe39c A api.github.com.localdomain"
"310","79.206496812","192.168.153.128","192.168.153.1","DNS","92","Standard query 0xeea2 A mobile.events.data.microsoft.com"
"311","79.292236753","192.168.153.128","192.168.153.1","DNS","101","Standard query 0xbee0 A avatars.githubusercontent.com.localdomain"
"312","79.305179805","192.168.153.128","192.168.153.1","DNS","91","Standard query 0x7036 A default.exp-tas.com.localdomain"
"313","79.352407305","192.168.153.128","192.168.153.1","DNS","80","Standard query 0x3d57 A www.vscode-unpkg.net"
"314","79.352572569","192.168.153.128","192.168.153.1","DNS","80","Standard query 0x83f0 HTTPS www.vscode-unpkg.net"
"315","79.599699620","192.168.153.128","192.168.153.1","DNS","74","Standard query 0x71cd A api.github.com"
"316","79.760521387","192.168.153.128","192.168.153.1","DNS","100","Standard query 0xd1d8 A marketplace.visualstudio.com.localdomain"
"317","79.804277552","192.168.153.128","192.168.153.1","DNS","100","Standard query 0xd1ed A marketplace.visualstudio.com.localdomain"
"318","80.208681522","192.168.153.128","192.168.153.1","DNS","88","Standard query 0x17b1 A update.code.visualstudio.com"
"319","80.208887751","192.168.153.128","192.168.153.1","DNS","88","Standard query 0x797b HTTPS update.code.visualstudio.com"
"320","80.260758326","192.168.153.1","224.0.0.251","MDNS","81","Standard query 0x0000 PTR _XSplitCam._tcp.local, ""QU"" question"
"321","80.692849662","192.168.153.128","192.168.153.1","DNS","92","Standard query 0x1045 A mobile.events.data.microsoft.com"
"322","80.692918926","192.168.153.128","192.168.153.1","DNS","92","Standard query 0x0b4e AAAA mobile.events.data.microsoft.com"
"323","80.776540770","192.168.153.128","192.168.153.1","DNS","80","Standard query 0xaae0 A education.github.com"
"324","80.800714194","192.168.153.128","192.168.153.1","DNS","88","Standard query 0x43e8 A marketplace.visualstudio.com"
"325","81.039592671","192.168.153.128","192.168.153.1","DNS","74","Standard query 0x7bbf A api.github.com"
"326","81.203743034","192.168.153.128","192.168.153.1","DNS","100","Standard query 0x705d A update.code.visualstudio.com.localdomain"
"327","81.219508455","192.168.153.128","192.168.153.1","DNS","88","Standard query 0x0142 A update.code.visualstudio.com"
"328","81.219854754","192.168.153.128","192.168.153.1","DNS","88","Standard query 0xf91a HTTPS update.code.visualstudio.com"
"329","81.280203279","192.168.153.128","192.168.153.1","DNS","89","Standard query 0xb599 A avatars.githubusercontent.com"
"330","81.280431248","192.168.153.128","192.168.153.1","DNS","79","Standard query 0x9a75 A default.exp-tas.com"
"331","81.376367261","192.168.153.128","192.168.153.1","DNS","80","Standard query 0x8f99 A www.vscode-unpkg.net"
"332","81.443133973","192.168.153.128","192.168.153.1","DNS","92","Standard query 0xf565 A mobile.events.data.microsoft.com"
"333","81.443317233","192.168.153.128","192.168.153.1","DNS","92","Standard query 0x826e HTTPS mobile.events.data.microsoft.com"
"334","81.557082854","192.168.153.128","192.168.153.1","DNS","92","Standard query 0x818a A mobile.events.data.microsoft.com"
"335","81.557236791","192.168.153.128","192.168.153.1","DNS","92","Standard query 0x4d96 AAAA mobile.events.data.microsoft.com"
"336","82.240814308","192.168.153.128","192.168.153.1","DNS","104","Standard query 0xad5f A mobile.events.data.microsoft.com.localdomain"
"337","82.383766521","192.168.153.1","224.0.0.251","MDNS","81","Standard query 0x0000 PTR _XSplitCam._tcp.local, ""QU"" question"
"338","82.458188985","192.168.153.128","192.168.153.1","DNS","92","Standard query 0xb419 A mobile.events.data.microsoft.com"
"339","82.458595016","192.168.153.128","192.168.153.1","DNS","92","Standard query 0x27b3 HTTPS mobile.events.data.microsoft.com"
"340","82.612605031","192.168.153.128","192.168.153.1","DNS","86","Standard query 0x368a A api.github.com.localdomain"
"341","83.205365806","192.168.153.128","192.168.153.1","DNS","88","Standard query 0x5dfa A update.code.visualstudio.com"
"342","83.242488302","192.168.153.128","192.168.153.1","DNS","88","Standard query 0x4944 A update.code.visualstudio.com"
"343","83.804378529","192.168.153.128","192.168.153.1","DNS","92","Standard query 0xc8e2 A education.github.com.localdomain"
"344","84.069673249","192.168.153.128","192.168.153.1","DNS","86","Standard query 0xe39c A api.github.com.localdomain"
"345","84.224818198","192.168.153.128","192.168.153.1","DNS","92","Standard query 0xeea2 A mobile.events.data.microsoft.com"
"346","84.482847440","192.168.153.128","192.168.153.1","DNS","92","Standard query 0xaa9e A mobile.events.data.microsoft.com"
"347","84.495280616","192.168.153.1","224.0.0.251","MDNS","81","Standard query 0x0000 PTR _XSplitCam._tcp.local, ""QU"" question"
"348","84.607805269","192.168.153.128","192.168.153.1","DNS","74","Standard query 0x71cd A api.github.com"
"349","84.808848424","192.168.153.128","192.168.153.1","DNS","100","Standard query 0xd1ed A marketplace.visualstudio.com.localdomain"
"350","85.696886539","192.168.153.128","192.168.153.1","DNS","104","Standard query 0x901c A mobile.events.data.microsoft.com.localdomain"
"351","85.697006478","192.168.153.128","192.168.153.1","DNS","104","Standard query 0x6a15 AAAA mobile.events.data.microsoft.com.localdomain"
"352","85.784779990","192.168.153.128","192.168.153.1","DNS","80","Standard query 0xaae0 A education.github.com"
"353","85.816642894","192.168.153.128","192.168.153.1","DNS","100","Standard query 0xe01f A marketplace.visualstudio.com.localdomain"
"354","86.044865407","192.168.153.128","192.168.153.1","DNS","74","Standard query 0x7bbf A api.github.com"
"355","86.285538420","192.168.153.128","192.168.153.1","DNS","101","Standard query 0x65c0 A avatars.githubusercontent.com.localdomain"
"356","86.285688534","192.168.153.128","192.168.153.1","DNS","91","Standard query 0x2b47 A default.exp-tas.com.localdomain"
"357","86.383710940","192.168.153.128","192.168.153.1","DNS","80","Standard query 0x8f99 A www.vscode-unpkg.net"
"358","86.568807879","192.168.153.128","192.168.153.1","DNS","104","Standard query 0xe966 A mobile.events.data.microsoft.com.localdomain"
"359","86.568991651","192.168.153.128","192.168.153.1","DNS","104","Standard query 0xb561 AAAA mobile.events.data.microsoft.com.localdomain"
"360","86.618500258","192.168.153.1","224.0.0.251","MDNS","81","Standard query 0x0000 PTR _XSplitCam._tcp.local, ""QU"" question"
"361","87.376666077","192.168.153.128","192.168.153.1","DNS","80","Standard query 0x9fe1 A www.vscode-unpkg.net"
"362","87.801159208","192.168.153.128","192.168.153.1","DNS","88","Standard query 0xcaf6 A marketplace.visualstudio.com"
"363","88.215338926","192.168.153.128","192.168.153.1","DNS","100","Standard query 0x3f73 A update.code.visualstudio.com.localdomain"
"364","88.305566781","192.168.153.128","192.168.153.1","DNS","88","Standard query 0x4944 A update.code.visualstudio.com"
"365","88.734683752","192.168.153.1","224.0.0.251","MDNS","81","Standard query 0x0000 PTR _XSplitCam._tcp.local, ""QU"" question"
"366","89.231600485","192.168.153.128","192.168.153.1","DNS","104","Standard query 0x8564 A mobile.events.data.microsoft.com.localdomain"
"367","89.248756016","192.168.153.128","192.168.153.1","DNS","88","Standard query 0x5046 A update.code.visualstudio.com"
"368","89.492202329","192.168.153.128","192.168.153.1","DNS","92","Standard query 0xaa9e A mobile.events.data.microsoft.com"
"369","89.615577138","192.168.153.128","192.168.153.1","DNS","86","Standard query 0x307e A api.github.com.localdomain"
"370","90.486130619","192.168.153.128","192.168.153.1","DNS","92","Standard query 0xe053 A mobile.events.data.microsoft.com"
"371","90.701698016","192.168.153.128","192.168.153.1","DNS","104","Standard query 0x901c A mobile.events.data.microsoft.com.localdomain"
"372","90.701915341","192.168.153.128","192.168.153.1","DNS","104","Standard query 0x6a15 AAAA mobile.events.data.microsoft.com.localdomain"
"373","90.792127554","192.168.153.128","192.168.153.1","DNS","92","Standard query 0x8036 A education.github.com.localdomain"
"374","90.822280933","192.168.153.128","192.168.153.1","DNS","100","Standard query 0xe01f A marketplace.visualstudio.com.localdomain"
"375","90.853023045","192.168.153.1","224.0.0.251","MDNS","81","Standard query 0x0000 PTR _XSplitCam._tcp.local, ""QU"" question"
"376","91.052553816","192.168.153.128","192.168.153.1","DNS","86","Standard query 0xe8fe A api.github.com.localdomain"
"377","91.300727328","192.168.153.128","192.168.153.1","DNS","91","Standard query 0x2b47 A default.exp-tas.com.localdomain"
"378","91.300982132","192.168.153.128","192.168.153.1","DNS","101","Standard query 0x65c0 A avatars.githubusercontent.com.localdomain"
"379","91.396208327","192.168.153.128","192.168.153.1","DNS","92","Standard query 0x8f83 A www.vscode-unpkg.net.localdomain"
"380","91.580799227","192.168.153.128","192.168.153.1","DNS","104","Standard query 0xe966 A mobile.events.data.microsoft.com.localdomain"
"381","91.581006721","192.168.153.128","192.168.153.1","DNS","104","Standard query 0xb561 AAAA mobile.events.data.microsoft.com.localdomain"
"382","92.386860092","192.168.153.128","192.168.153.1","DNS","80","Standard query 0x9fe1 A www.vscode-unpkg.net"
"383","92.820484820","192.168.153.128","192.168.153.1","DNS","88","Standard query 0xcaf6 A marketplace.visualstudio.com"
"384","92.974658163","192.168.153.1","224.0.0.251","MDNS","81","Standard query 0x0000 PTR _XSplitCam._tcp.local, ""QU"" question"
"385","93.222245130","VMware_96:a6:89","VMware_c0:00:01","ARP","42","Who has 192.168.153.1? Tell 192.168.153.128"
"386","93.222508577","192.168.153.128","192.168.153.1","DNS","100","Standard query 0x3f73 A update.code.visualstudio.com.localdomain"
"387","93.223086247","VMware_c0:00:01","VMware_96:a6:89","ARP","60","192.168.153.1 is at 00:50:56:c0:00:01"
"388","93.316600358","192.168.153.128","192.168.153.1","DNS","100","Standard query 0x4b8c A update.code.visualstudio.com.localdomain"
"389","94.248562478","192.168.153.128","192.168.153.1","DNS","104","Standard query 0x8564 A mobile.events.data.microsoft.com.localdomain"
"390","94.263374382","192.168.153.128","192.168.153.1","DNS","88","Standard query 0x5046 A update.code.visualstudio.com"
"391","94.496282465","192.168.153.128","192.168.153.1","DNS","104","Standard query 0x4914 A mobile.events.data.microsoft.com.localdomain"
"392","94.635355373","192.168.153.128","192.168.153.1","DNS","86","Standard query 0x307e A api.github.com.localdomain"
"393","95.088899384","192.168.153.1","224.0.0.251","MDNS","81","Standard query 0x0000 PTR _XSplitCam._tcp.local, ""QU"" question"
"394","95.491937306","192.168.153.128","192.168.153.1","DNS","92","Standard query 0xe053 A mobile.events.data.microsoft.com"
"395","95.722448908","192.168.153.128","192.168.153.1","DNS","99","Standard query 0x5c00 A copilot-telemetry.githubusercontent.com"
"396","95.722588906","192.168.153.128","192.168.153.1","DNS","99","Standard query 0x51fc AAAA copilot-telemetry.githubusercontent.com"
"397","95.799276338","192.168.153.128","192.168.153.1","DNS","92","Standard query 0x8036 A education.github.com.localdomain"
"398","96.062199865","192.168.153.128","192.168.153.1","DNS","86","Standard query 0xe8fe A api.github.com.localdomain"
"399","96.406798809","192.168.153.128","192.168.153.1","DNS","92","Standard query 0x8f83 A www.vscode-unpkg.net.localdomain"
"400","96.595569388","192.168.153.128","192.168.153.1","DNS","99","Standard query 0x5b9c A copilot-telemetry.githubusercontent.com"
"401","96.595808788","192.168.153.128","192.168.153.1","DNS","99","Standard query 0x9e9a AAAA copilot-telemetry.githubusercontent.com"
"402","97.207759157","192.168.153.1","224.0.0.251","MDNS","81","Standard query 0x0000 PTR _XSplitCam._tcp.local, ""QU"" question"
"403","97.395698961","192.168.153.128","192.168.153.1","DNS","92","Standard query 0x94ca A www.vscode-unpkg.net.localdomain"
"404","97.830664633","192.168.153.128","192.168.153.1","DNS","100","Standard query 0x3dc4 A marketplace.visualstudio.com.localdomain"
"405","98.329164398","192.168.153.128","192.168.153.1","DNS","100","Standard query 0x4b8c A update.code.visualstudio.com.localdomain"
"406","99.272418179","192.168.153.128","192.168.153.1","DNS","100","Standard query 0x1d0e A update.code.visualstudio.com.localdomain"
"407","99.327024926","192.168.153.1","224.0.0.251","MDNS","81","Standard query 0x0000 PTR _XSplitCam._tcp.local, ""QU"" question"
"408","99.383049286","192.168.153.128","192.168.153.1","DNS","80","Standard query 0xa8da A www.vscode-unpkg.net"
"409","99.504573951","192.168.153.128","192.168.153.1","DNS","104","Standard query 0x4914 A mobile.events.data.microsoft.com.localdomain"
"410","100.501109673","192.168.153.128","192.168.153.1","DNS","104","Standard query 0xc7cd A mobile.events.data.microsoft.com.localdomain"
"411","100.733592573","192.168.153.128","192.168.153.1","DNS","99","Standard query 0x5c00 A copilot-telemetry.githubusercontent.com"
"412","100.733719235","192.168.153.128","192.168.153.1","DNS","99","Standard query 0x51fc AAAA copilot-telemetry.githubusercontent.com"
"413","101.262139714","192.168.153.128","192.168.153.1","DNS","88","Standard query 0xc594 A update.code.visualstudio.com"
"414","101.418438816","192.168.153.128","192.168.153.1","DNS","80","Standard query 0x61bc A www.vscode-unpkg.net"
"415","101.418702203","192.168.153.128","192.168.153.1","DNS","80","Standard query 0x966e HTTPS www.vscode-unpkg.net"
"416","101.443822691","192.168.153.1","224.0.0.251","MDNS","81","Standard query 0x0000 PTR _XSplitCam._tcp.local, ""QU"" question"
"417","101.604131809","192.168.153.128","192.168.153.1","DNS","99","Standard query 0x5b9c A copilot-telemetry.githubusercontent.com"
"418","101.604363852","192.168.153.128","192.168.153.1","DNS","99","Standard query 0x9e9a AAAA copilot-telemetry.githubusercontent.com"
"419","102.412215756","192.168.153.128","192.168.153.1","DNS","92","Standard query 0x94ca A www.vscode-unpkg.net.localdomain"
"420","102.443502360","192.168.153.128","192.168.153.1","DNS","80","Standard query 0x853a A www.vscode-unpkg.net"
"421","102.443789501","192.168.153.128","192.168.153.1","DNS","80","Standard query 0xcb43 HTTPS www.vscode-unpkg.net"
"422","102.491527311","192.168.153.128","192.168.153.1","DNS","92","Standard query 0x67ed A mobile.events.data.microsoft.com"
"423","102.845682875","192.168.153.128","192.168.153.1","DNS","100","Standard query 0x3dc4 A marketplace.visualstudio.com.localdomain"
"424","103.554414318","192.168.153.1","224.0.0.251","MDNS","81","Standard query 0x0000 PTR _XSplitCam._tcp.local, ""QU"" question"
"425","104.284341248","192.168.153.128","192.168.153.1","DNS","100","Standard query 0x1d0e A update.code.visualstudio.com.localdomain"
"426","104.391891227","192.168.153.128","192.168.153.1","DNS","80","Standard query 0xa8da A www.vscode-unpkg.net"
"427","104.471599064","192.168.153.128","192.168.153.1","DNS","80","Standard query 0xe586 A www.vscode-unpkg.net"
"428","104.517657107","192.168.153.128","192.168.153.1","DNS","92","Standard query 0xf658 A mobile.events.data.microsoft.com"
"429","104.517883052","192.168.153.128","192.168.153.1","DNS","92","Standard query 0xf206 HTTPS mobile.events.data.microsoft.com"
"430","105.513101837","192.168.153.128","192.168.153.1","DNS","104","Standard query 0xc7cd A mobile.events.data.microsoft.com.localdomain"
"431","105.544125887","192.168.153.128","192.168.153.1","DNS","92","Standard query 0x17cc A mobile.events.data.microsoft.com"
"432","105.544457376","192.168.153.128","192.168.153.1","DNS","92","Standard query 0x158f HTTPS mobile.events.data.microsoft.com"
"433","105.674503930","192.168.153.1","224.0.0.251","MDNS","81","Standard query 0x0000 PTR _XSplitCam._tcp.local, ""QU"" question"
"434","105.744695868","192.168.153.128","192.168.153.1","DNS","111","Standard query 0x9d36 A copilot-telemetry.githubusercontent.com.localdomain"
"435","105.744746461","192.168.153.128","192.168.153.1","DNS","111","Standard query 0x4734 AAAA copilot-telemetry.githubusercontent.com.localdomain"
"436","106.272524344","192.168.153.128","192.168.153.1","DNS","88","Standard query 0xc594 A update.code.visualstudio.com"
"437","106.614006539","192.168.153.128","192.168.153.1","DNS","111","Standard query 0x0c74 A copilot-telemetry.githubusercontent.com.localdomain"
"438","106.614096110","192.168.153.128","192.168.153.1","DNS","111","Standard query 0xec89 AAAA copilot-telemetry.githubusercontent.com.localdomain"
"439","106.863629093","fe80::e62b:d1db:2bd6:4437","ff02::c","UDP","718","50918  >  3702 Len=656"
"440","106.864498628","192.168.153.1","239.255.255.250","UDP","698","50917  >  3702 Len=656"
"441","107.017977006","192.168.153.1","239.255.255.250","UDP","698","50917  >  3702 Len=656"
"442","107.111143557","fe80::e62b:d1db:2bd6:4437","ff02::c","UDP","718","50918  >  3702 Len=656"
"443","107.328631162","192.168.153.1","239.255.255.250","UDP","698","50917  >  3702 Len=656"
"444","107.498249568","192.168.153.128","192.168.153.1","DNS","92","Standard query 0x67ed A mobile.events.data.microsoft.com"
"445","107.569290367","192.168.153.128","192.168.153.1","DNS","92","Standard query 0x5f57 A mobile.events.data.microsoft.com"
"446","107.590317830","fe80::e62b:d1db:2bd6:4437","ff02::c","UDP","718","50918  >  3702 Len=656"
"447","107.787578569","192.168.153.1","224.0.0.251","MDNS","81","Standard query 0x0000 PTR _XSplitCam._tcp.local, ""QU"" question"
"448","107.943356320","192.168.153.1","239.255.255.250","UDP","698","50917  >  3702 Len=656"
"449","108.546639141","fe80::e62b:d1db:2bd6:4437","ff02::c","UDP","718","50918  >  3702 Len=656"
"450","109.168778891","192.168.153.1","239.255.255.250","UDP","698","50917  >  3702 Len=656"
"451","109.399647100","192.168.153.128","192.168.153.1","DNS","92","Standard query 0x48ab A www.vscode-unpkg.net.localdomain"
"452","109.477686068","192.168.153.128","192.168.153.1","DNS","80","Standard query 0xe586 A www.vscode-unpkg.net"
"453","109.900928797","192.168.153.1","224.0.0.251","MDNS","81","Standard query 0x0000 PTR _XSplitCam._tcp.local, ""QU"" question"
"454","110.466288081","fe80::e62b:d1db:2bd6:4437","ff02::c","UDP","718","50918  >  3702 Len=656"
"455","110.482248066","192.168.153.128","192.168.153.1","DNS","80","Standard query 0xd667 A www.vscode-unpkg.net"
"456","110.746047042","192.168.153.128","192.168.153.1","DNS","111","Standard query 0x9d36 A copilot-telemetry.githubusercontent.com.localdomain"
"457","110.746126628","192.168.153.128","192.168.153.1","DNS","111","Standard query 0x4734 AAAA copilot-telemetry.githubusercontent.com.localdomain"
"458","111.182034228","192.168.153.1","239.255.255.250","UDP","698","50917  >  3702 Len=656"
"459","111.291186721","192.168.153.128","192.168.153.1","DNS","100","Standard query 0xd288 A update.code.visualstudio.com.localdomain"
"460","111.631812761","192.168.153.128","192.168.153.1","DNS","111","Standard query 0x0c74 A copilot-telemetry.githubusercontent.com.localdomain"
"461","111.631892568","192.168.153.128","192.168.153.1","DNS","111","Standard query 0xec89 AAAA copilot-telemetry.githubusercontent.com.localdomain"
"462","112.023699946","192.168.153.1","224.0.0.251","MDNS","81","Standard query 0x0000 PTR _XSplitCam._tcp.local, ""QU"" question"
"463","112.470112563","fe80::e62b:d1db:2bd6:4437","ff02::c","UDP","718","50918  >  3702 Len=656"
"464","112.516758985","192.168.153.128","192.168.153.1","DNS","104","Standard query 0x9fb9 A mobile.events.data.microsoft.com.localdomain"
"465","112.577434429","192.168.153.128","192.168.153.1","DNS","92","Standard query 0x5f57 A mobile.events.data.microsoft.com"
"466","113.185236284","192.168.153.1","239.255.255.250","UDP","698","50917  >  3702 Len=656"
"467","113.570325128","192.168.153.128","192.168.153.1","DNS","92","Standard query 0xcfe6 A mobile.events.data.microsoft.com"
"468","114.133573438","192.168.153.1","224.0.0.251","MDNS","81","Standard query 0x0000 PTR _XSplitCam._tcp.local, ""QU"" question"
"469","114.408960029","192.168.153.128","192.168.153.1","DNS","92","Standard query 0x48ab A www.vscode-unpkg.net.localdomain"
"470","114.472132320","fe80::e62b:d1db:2bd6:4437","ff02::c","UDP","718","50918  >  3702 Len=656"
"471","114.486701484","192.168.153.128","192.168.153.1","DNS","92","Standard query 0x5ec6 A www.vscode-unpkg.net.localdomain"
"472","115.487384502","192.168.153.128","192.168.153.1","DNS","80","Standard query 0xd667 A www.vscode-unpkg.net"
"473","115.751223512","192.168.153.128","192.168.153.1","DNS","79","Standard query 0x8b96 A default.exp-tas.com"
"474","115.751327755","192.168.153.128","192.168.153.1","DNS","79","Standard query 0x6a93 AAAA default.exp-tas.com"
"475","116.247925898","192.168.153.1","224.0.0.251","MDNS","81","Standard query 0x0000 PTR _XSplitCam._tcp.local, ""QU"" question"
"476","116.307077684","192.168.153.128","192.168.153.1","DNS","100","Standard query 0xd288 A update.code.visualstudio.com.localdomain"
"477","116.649700674","192.168.153.128","192.168.153.1","DNS","92","Standard query 0x1816 A mobile.events.data.microsoft.com"
"478","116.649852061","192.168.153.128","192.168.153.1","DNS","92","Standard query 0x066b AAAA mobile.events.data.microsoft.com"
"479","116.865750492","fe80::e62b:d1db:2bd6:4437","ff02::c","UDP","718","50918  >  3702 Len=656"
"480","116.866037894","192.168.153.1","239.255.255.250","UDP","698","50917  >  3702 Len=656"
"481","116.992833364","192.168.153.1","239.255.255.250","UDP","698","50917  >  3702 Len=656"
"482","117.053118702","fe80::e62b:d1db:2bd6:4437","ff02::c","UDP","718","50918  >  3702 Len=656"
"483","117.251711941","192.168.153.1","239.255.255.250","UDP","698","50917  >  3702 Len=656"
"484","117.421514916","fe80::e62b:d1db:2bd6:4437","ff02::c","UDP","718","50918  >  3702 Len=656"
"485","117.529628172","192.168.153.128","192.168.153.1","DNS","104","Standard query 0x9fb9 A mobile.events.data.microsoft.com.localdomain"
"486","117.590981314","192.168.153.128","192.168.153.1","DNS","104","Standard query 0x70d3 A mobile.events.data.microsoft.com.localdomain"
"487","117.746538610","192.168.153.1","239.255.255.250","UDP","698","50917  >  3702 Len=656"
"488","118.163160558","fe80::e62b:d1db:2bd6:4437","ff02::c","UDP","718","50918  >  3702 Len=656"
"489","118.368203880","192.168.153.1","224.0.0.251","MDNS","81","Standard query 0x0000 PTR _XSplitCam._tcp.local, ""QU"" question"
"490","118.581574389","192.168.153.128","192.168.153.1","DNS","92","Standard query 0xcfe6 A mobile.events.data.microsoft.com"
"491","118.735114431","192.168.153.1","239.255.255.250","UDP","698","50917  >  3702 Len=656"
"492","119.504684653","192.168.153.128","192.168.153.1","DNS","92","Standard query 0x5ec6 A www.vscode-unpkg.net.localdomain"
"493","119.628473626","fe80::e62b:d1db:2bd6:4437","ff02::c","UDP","718","50918  >  3702 Len=656"
"494","120.488385781","192.168.153.1","224.0.0.251","MDNS","81","Standard query 0x0000 PTR _XSplitCam._tcp.local, ""QU"" question"
"495","120.488622112","192.168.153.128","192.168.153.1","DNS","92","Standard query 0x2c33 A www.vscode-unpkg.net.localdomain"
"496","120.712532605","192.168.153.1","239.255.255.250","UDP","698","50917  >  3702 Len=656"
"497","120.758631875","192.168.153.128","192.168.153.1","DNS","79","Standard query 0x8b96 A default.exp-tas.com"
"498","120.758738600","192.168.153.128","192.168.153.1","DNS","79","Standard query 0x6a93 AAAA default.exp-tas.com"
"499","121.628298384","fe80::e62b:d1db:2bd6:4437","ff02::c","UDP","718","50918  >  3702 Len=656"
"500","121.659527363","192.168.153.128","192.168.153.1","DNS","92","Standard query 0x1816 A mobile.events.data.microsoft.com"
"501","121.659624811","192.168.153.128","192.168.153.1","DNS","92","Standard query 0x066b AAAA mobile.events.data.microsoft.com"
"502","122.486323064","192.168.153.128","192.168.153.1","DNS","80","Standard query 0xdbdb A www.vscode-unpkg.net"
"503","122.594705747","192.168.153.128","192.168.153.1","DNS","104","Standard query 0x70d3 A mobile.events.data.microsoft.com.localdomain"
"504","122.719787457","192.168.153.1","239.255.255.250","UDP","698","50917  >  3702 Len=656"
"505","123.587280645","192.168.153.128","192.168.153.1","DNS","104","Standard query 0x04fb A mobile.events.data.microsoft.com.localdomain"
"506","123.634164534","fe80::e62b:d1db:2bd6:4437","ff02::c","UDP","718","50918  >  3702 Len=656"
"507","124.716180477","VMware_96:a6:89","VMware_c0:00:01","ARP","42","Who has 192.168.153.1? Tell 192.168.153.128"
"508","124.716996280","VMware_c0:00:01","VMware_96:a6:89","ARP","60","192.168.153.1 is at 00:50:56:c0:00:01"
"509","125.262166767","192.168.153.1","224.0.0.251","MDNS","81","Standard query 0x0000 PTR _XSplitCam._tcp.local, ""QU"" question"
"510","125.503570799","192.168.153.128","192.168.153.1","DNS","92","Standard query 0x2c33 A www.vscode-unpkg.net.localdomain"
"511","125.581563379","192.168.153.128","192.168.153.1","DNS","92","Standard query 0xfcf9 A mobile.events.data.microsoft.com"
"512","125.765539737","192.168.153.128","192.168.153.1","DNS","91","Standard query 0x67d1 A default.exp-tas.com.localdomain"
"513","125.765619831","192.168.153.128","192.168.153.1","DNS","91","Standard query 0x01d5 AAAA default.exp-tas.com.localdomain"
"514","126.677147727","192.168.153.128","192.168.153.1","DNS","104","Standard query 0xc53f A mobile.events.data.microsoft.com.localdomain"
"515","126.677242659","192.168.153.128","192.168.153.1","DNS","104","Standard query 0xfb3b AAAA mobile.events.data.microsoft.com.localdomain"
"516","127.502678544","192.168.153.128","192.168.153.1","DNS","80","Standard query 0xdbdb A www.vscode-unpkg.net"
"517","128.604590555","192.168.153.128","192.168.153.1","DNS","104","Standard query 0x04fb A mobile.events.data.microsoft.com.localdomain"
"518","130.259495356","192.168.153.1","224.0.0.251","MDNS","81","Standard query 0x0000 PTR _XSplitCam._tcp.local, ""QU"" question"
"519","130.582058311","192.168.153.128","192.168.153.1","DNS","92","Standard query 0xfcf9 A mobile.events.data.microsoft.com"
"520","130.755825133","192.168.153.128","192.168.153.1","DNS","92","Standard query 0x7a35 A mobile.events.data.microsoft.com"
"521","130.756077512","192.168.153.128","192.168.153.1","DNS","92","Standard query 0x6bf2 HTTPS mobile.events.data.microsoft.com"
"522","130.783580808","192.168.153.128","192.168.153.1","DNS","91","Standard query 0x67d1 A default.exp-tas.com.localdomain"
"523","130.783640924","192.168.153.128","192.168.153.1","DNS","91","Standard query 0x01d5 AAAA default.exp-tas.com.localdomain"
"524","131.687895534","192.168.153.128","192.168.153.1","DNS","104","Standard query 0xc53f A mobile.events.data.microsoft.com.localdomain"
"525","131.687968045","192.168.153.128","192.168.153.1","DNS","104","Standard query 0xfb3b AAAA mobile.events.data.microsoft.com.localdomain"
"526","131.766532683","192.168.153.128","192.168.153.1","DNS","92","Standard query 0x6259 A mobile.events.data.microsoft.com"
"527","131.766655267","192.168.153.128","192.168.153.1","DNS","92","Standard query 0xf6ae HTTPS mobile.events.data.microsoft.com"
"528","132.510805031","192.168.153.128","192.168.153.1","DNS","92","Standard query 0xac88 A www.vscode-unpkg.net.localdomain"
"529","133.788379542","192.168.153.128","192.168.153.1","DNS","92","Standard query 0x2122 A mobile.events.data.microsoft.com"
"530","135.248126866","192.168.153.1","224.0.0.251","MDNS","81","Standard query 0x0000 PTR _XSplitCam._tcp.local, ""QU"" question"
"531","135.588948184","192.168.153.128","192.168.153.1","DNS","104","Standard query 0x3b94 A mobile.events.data.microsoft.com.localdomain"
"532","135.788909291","192.168.153.128","192.168.153.1","DNS","99","Standard query 0x07f1 A copilot-telemetry.githubusercontent.com"
"533","135.788993904","192.168.153.128","192.168.153.1","DNS","99","Standard query 0xc1fd AAAA copilot-telemetry.githubusercontent.com"
"534","136.707826151","192.168.153.128","192.168.153.1","DNS","92","Standard query 0x46c3 A mobile.events.data.microsoft.com"
"535","136.707899151","192.168.153.128","192.168.153.1","DNS","92","Standard query 0x46c6 AAAA mobile.events.data.microsoft.com"
"536","137.355758830","192.168.153.1","224.0.0.251","MDNS","81","Standard query 0x0000 PTR _XSplitCam._tcp.local, ""QU"" question"
"537","137.526028285","192.168.153.128","192.168.153.1","DNS","92","Standard query 0xac88 A www.vscode-unpkg.net.localdomain"
"538","138.796515496","192.168.153.128","192.168.153.1","DNS","92","Standard query 0x2122 A mobile.events.data.microsoft.com"
"539","139.464846395","192.168.153.1","224.0.0.251","MDNS","81","Standard query 0x0000 PTR _XSplitCam._tcp.local, ""QU"" question"
"540","139.789603785","192.168.153.128","192.168.153.1","DNS","92","Standard query 0x6018 A mobile.events.data.microsoft.com"
"541","140.592299421","192.168.153.128","192.168.153.1","DNS","104","Standard query 0x3b94 A mobile.events.data.microsoft.com.localdomain"
"542","140.793145999","192.168.153.128","192.168.153.1","DNS","99","Standard query 0x07f1 A copilot-telemetry.githubusercontent.com"
"543","140.793209438","192.168.153.128","192.168.153.1","DNS","99","Standard query 0xc1fd AAAA copilot-telemetry.githubusercontent.com"
"544","141.573321014","192.168.153.1","224.0.0.251","MDNS","81","Standard query 0x0000 PTR _XSplitCam._tcp.local, ""QU"" question"
"545","141.712285885","192.168.153.128","192.168.153.1","DNS","92","Standard query 0x46c3 A mobile.events.data.microsoft.com"
"546","141.712344659","192.168.153.128","192.168.153.1","DNS","92","Standard query 0x46c6 AAAA mobile.events.data.microsoft.com"
"547","142.364406979","fe80::6ffa:8a8e:a8ca:5b63","ff02::2","ICMPv6","62","Router Solicitation"
"548","143.684144785","192.168.153.1","224.0.0.251","MDNS","81","Standard query 0x0000 PTR _XSplitCam._tcp.local, ""QU"" question"
"549","143.800342671","192.168.153.128","192.168.153.1","DNS","104","Standard query 0xf445 A mobile.events.data.microsoft.com.localdomain"
"550","144.793709626","192.168.153.128","192.168.153.1","DNS","92","Standard query 0x6018 A mobile.events.data.microsoft.com"
"551","145.797974530","192.168.153.1","224.0.0.251","MDNS","81","Standard query 0x0000 PTR _XSplitCam._tcp.local, ""QU"" question"
"552","145.804164197","192.168.153.128","192.168.153.1","DNS","111","Standard query 0x06fd A copilot-telemetry.githubusercontent.com.localdomain"
"553","145.804356798","192.168.153.128","192.168.153.1","DNS","111","Standard query 0x2af7 AAAA copilot-telemetry.githubusercontent.com.localdomain"
"554","146.726048630","192.168.153.128","192.168.153.1","DNS","104","Standard query 0x30f4 A mobile.events.data.microsoft.com.localdomain"
"555","146.726232008","192.168.153.128","192.168.153.1","DNS","104","Standard query 0x3aff AAAA mobile.events.data.microsoft.com.localdomain"
"556","147.908754984","192.168.153.1","224.0.0.251","MDNS","81","Standard query 0x0000 PTR _XSplitCam._tcp.local, ""QU"" question"
"557","148.805849359","192.168.153.128","192.168.153.1","DNS","104","Standard query 0xf445 A mobile.events.data.microsoft.com.localdomain"
"558","149.810112029","192.168.153.128","192.168.153.1","DNS","104","Standard query 0xdfa5 A mobile.events.data.microsoft.com.localdomain"
"559","150.029169826","192.168.153.1","224.0.0.251","MDNS","81","Standard query 0x0000 PTR _XSplitCam._tcp.local, ""QU"" question"
"560","150.817033919","192.168.153.128","192.168.153.1","DNS","111","Standard query 0x06fd A copilot-telemetry.githubusercontent.com.localdomain"
"561","150.817154570","192.168.153.128","192.168.153.1","DNS","111","Standard query 0x2af7 AAAA copilot-telemetry.githubusercontent.com.localdomain"
"562","151.733277628","192.168.153.128","192.168.153.1","DNS","104","Standard query 0x30f4 A mobile.events.data.microsoft.com.localdomain"
"563","151.733406397","192.168.153.128","192.168.153.1","DNS","104","Standard query 0x3aff AAAA mobile.events.data.microsoft.com.localdomain"
"564","151.791821763","192.168.153.128","192.168.153.1","DNS","92","Standard query 0xadc7 A mobile.events.data.microsoft.com"
"565","152.150389013","192.168.153.1","224.0.0.251","MDNS","81","Standard query 0x0000 PTR _XSplitCam._tcp.local, ""QU"" question"
"566","153.809221880","192.168.153.128","192.168.153.1","DNS","92","Standard query 0x612a A mobile.events.data.microsoft.com"
"567","153.809326301","192.168.153.128","192.168.153.1","DNS","92","Standard query 0x8c50 HTTPS mobile.events.data.microsoft.com"
"568","154.272763934","192.168.153.1","224.0.0.251","MDNS","81","Standard query 0x0000 PTR _XSplitCam._tcp.local, ""QU"" question"
"569","154.816418166","192.168.153.128","192.168.153.1","DNS","104","Standard query 0xdfa5 A mobile.events.data.microsoft.com.localdomain"
"570","154.831514284","192.168.153.128","192.168.153.1","DNS","92","Standard query 0xb7a8 A mobile.events.data.microsoft.com"
"571","154.831853500","192.168.153.128","192.168.153.1","DNS","92","Standard query 0x7ca8 HTTPS mobile.events.data.microsoft.com"
"572","154.916568782","VMware_96:a6:89","VMware_c0:00:01","ARP","42","Who has 192.168.153.1? Tell 192.168.153.128"
"573","154.917082496","VMware_c0:00:01","VMware_96:a6:89","ARP","60","192.168.153.1 is at 00:50:56:c0:00:01"
"574","155.836192218","192.168.153.128","192.168.153.1","DNS","92","Standard query 0xabf9 A mobile.events.data.microsoft.com"
"575","155.836428860","192.168.153.128","192.168.153.1","DNS","92","Standard query 0xf084 AAAA mobile.events.data.microsoft.com"
"576","156.384765400","192.168.153.1","224.0.0.251","MDNS","81","Standard query 0x0000 PTR _XSplitCam._tcp.local, ""QU"" question"
"577","156.743662554","192.168.153.128","192.168.153.1","DNS","99","Standard query 0x6e94 A copilot-telemetry.githubusercontent.com"
"578","156.743797564","192.168.153.128","192.168.153.1","DNS","99","Standard query 0x6ea4 AAAA copilot-telemetry.githubusercontent.com"
"579","156.802206745","192.168.153.128","192.168.153.1","DNS","92","Standard query 0xadc7 A mobile.events.data.microsoft.com"
"580","156.854347119","192.168.153.128","192.168.153.1","DNS","92","Standard query 0x44d7 A mobile.events.data.microsoft.com"
"581","158.513787758","192.168.153.1","224.0.0.251","MDNS","81","Standard query 0x0000 PTR _XSplitCam._tcp.local, ""QU"" question"
"582","160.628801675","192.168.153.1","224.0.0.251","MDNS","81","Standard query 0x0000 PTR _XSplitCam._tcp.local, ""QU"" question"
"583","160.852972746","192.168.153.128","192.168.153.1","DNS","92","Standard query 0xabf9 A mobile.events.data.microsoft.com"
"584","160.853226929","192.168.153.128","192.168.153.1","DNS","92","Standard query 0xf084 AAAA mobile.events.data.microsoft.com"
"585","161.763079625","192.168.153.128","192.168.153.1","DNS","99","Standard query 0x6e94 A copilot-telemetry.githubusercontent.com"
"586","161.763241883","192.168.153.128","192.168.153.1","DNS","99","Standard query 0x6ea4 AAAA copilot-telemetry.githubusercontent.com"
"587","161.804637439","192.168.153.128","192.168.153.1","DNS","104","Standard query 0xa8f9 A mobile.events.data.microsoft.com.localdomain"
"588","161.870917888","192.168.153.128","192.168.153.1","DNS","92","Standard query 0x44d7 A mobile.events.data.microsoft.com"
"589","162.754191368","192.168.153.1","224.0.0.251","MDNS","81","Standard query 0x0000 PTR _XSplitCam._tcp.local, ""QU"" question"
"590","162.870567737","192.168.153.128","192.168.153.1","DNS","92","Standard query 0x681a A mobile.events.data.microsoft.com"
"591","164.874287195","192.168.153.1","224.0.0.251","MDNS","81","Standard query 0x0000 PTR _XSplitCam._tcp.local, ""QU"" question"
"592","165.866546938","192.168.153.128","192.168.153.1","DNS","104","Standard query 0x5d7e A mobile.events.data.microsoft.com.localdomain"
"593","165.866739509","192.168.153.128","192.168.153.1","DNS","104","Standard query 0xd167 AAAA mobile.events.data.microsoft.com.localdomain"
"594","166.782843012","192.168.153.128","192.168.153.1","DNS","111","Standard query 0x831c A copilot-telemetry.githubusercontent.com.localdomain"
"595","166.783206440","192.168.153.128","192.168.153.1","DNS","111","Standard query 0x1507 AAAA copilot-telemetry.githubusercontent.com.localdomain"
"596","166.812550809","192.168.153.128","192.168.153.1","DNS","104","Standard query 0xa8f9 A mobile.events.data.microsoft.com.localdomain"
"597","166.889257679","192.168.153.128","192.168.153.1","DNS","104","Standard query 0xd4c6 A mobile.events.data.microsoft.com.localdomain"
"598","166.994102543","192.168.153.1","224.0.0.251","MDNS","81","Standard query 0x0000 PTR _XSplitCam._tcp.local, ""QU"" question"
"599","167.881501574","192.168.153.128","192.168.153.1","DNS","92","Standard query 0x681a A mobile.events.data.microsoft.com"
"600","169.119097659","192.168.153.1","224.0.0.251","MDNS","81","Standard query 0x0000 PTR _XSplitCam._tcp.local, ""QU"" question"
"601","170.878535935","192.168.153.128","192.168.153.1","DNS","104","Standard query 0x5d7e A mobile.events.data.microsoft.com.localdomain"
"602","170.878718426","192.168.153.128","192.168.153.1","DNS","104","Standard query 0xd167 AAAA mobile.events.data.microsoft.com.localdomain"
"603","171.238525752","192.168.153.1","224.0.0.251","MDNS","81","Standard query 0x0000 PTR _XSplitCam._tcp.local, ""QU"" question"
"604","171.792769743","192.168.153.128","192.168.153.1","DNS","111","Standard query 0x831c A copilot-telemetry.githubusercontent.com.localdomain"
"605","171.792928186","192.168.153.128","192.168.153.1","DNS","111","Standard query 0x1507 AAAA copilot-telemetry.githubusercontent.com.localdomain"
"606","171.899799354","192.168.153.128","192.168.153.1","DNS","104","Standard query 0xd4c6 A mobile.events.data.microsoft.com.localdomain"
"607","172.889972964","192.168.153.128","192.168.153.1","DNS","104","Standard query 0x8fd3 A mobile.events.data.microsoft.com.localdomain"
"608","173.359734624","192.168.153.1","224.0.0.251","MDNS","81","Standard query 0x0000 PTR _XSplitCam._tcp.local, ""QU"" question"
"609","174.874239806","192.168.153.128","192.168.153.1","DNS","92","Standard query 0xc724 A mobile.events.data.microsoft.com"
"610","175.486713004","192.168.153.1","224.0.0.251","MDNS","81","Standard query 0x0000 PTR _XSplitCam._tcp.local, ""QU"" question"
"611","175.893226178","192.168.153.128","192.168.153.1","DNS","92","Standard query 0xcf5c A mobile.events.data.microsoft.com"
"612","175.893381091","192.168.153.128","192.168.153.1","DNS","92","Standard query 0x1a5b AAAA mobile.events.data.microsoft.com"
"613","177.903633673","192.168.153.128","192.168.153.1","DNS","104","Standard query 0x8fd3 A mobile.events.data.microsoft.com.localdomain"
"614","179.332581530","192.168.153.128","192.168.153.1","DNS","92","Standard query 0xaa6b A mobile.events.data.microsoft.com"
"615","179.332675483","192.168.153.128","192.168.153.1","DNS","92","Standard query 0xe64c HTTPS mobile.events.data.microsoft.com"
"616","179.876254492","192.168.153.128","192.168.153.1","DNS","92","Standard query 0xc724 A mobile.events.data.microsoft.com"
"617","180.244611492","192.168.153.1","224.0.0.251","MDNS","81","Standard query 0x0000 PTR _XSplitCam._tcp.local, ""QU"" question"
"618","180.344716163","192.168.153.128","192.168.153.1","DNS","92","Standard query 0x2d36 A mobile.events.data.microsoft.com"
"619","180.344890347","192.168.153.128","192.168.153.1","DNS","92","Standard query 0x66d5 HTTPS mobile.events.data.microsoft.com"
"620","180.899603385","192.168.153.128","192.168.153.1","DNS","92","Standard query 0xcf5c A mobile.events.data.microsoft.com"
"621","180.899685289","192.168.153.128","192.168.153.1","DNS","92","Standard query 0x1a5b AAAA mobile.events.data.microsoft.com"
"622","182.366209823","192.168.153.128","192.168.153.1","DNS","92","Standard query 0xc66c A mobile.events.data.microsoft.com"
"623","184.880267886","192.168.153.128","192.168.153.1","DNS","104","Standard query 0x0de8 A mobile.events.data.microsoft.com.localdomain"
"624","185.244944701","192.168.153.1","224.0.0.251","MDNS","81","Standard query 0x0000 PTR _XSplitCam._tcp.local, ""QU"" question"
"625","185.380242089","VMware_96:a6:89","VMware_c0:00:01","ARP","42","Who has 192.168.153.1? Tell 192.168.153.128"
"626","185.380341354","VMware_c0:00:01","VMware_96:a6:89","ARP","60","192.168.153.1 is at 00:50:56:c0:00:01"
"627","185.904397708","192.168.153.128","192.168.153.1","DNS","104","Standard query 0x551b A mobile.events.data.microsoft.com.localdomain"
"628","185.904470724","192.168.153.128","192.168.153.1","DNS","104","Standard query 0xf11c AAAA mobile.events.data.microsoft.com.localdomain"
"629","187.368688208","192.168.153.128","192.168.153.1","DNS","92","Standard query 0xc66c A mobile.events.data.microsoft.com"
"630","188.366960765","192.168.153.128","192.168.153.1","DNS","92","Standard query 0x8ce5 A mobile.events.data.microsoft.com"
"631","189.898467398","192.168.153.128","192.168.153.1","DNS","104","Standard query 0x0de8 A mobile.events.data.microsoft.com.localdomain"
"632","190.254968364","192.168.153.1","224.0.0.251","MDNS","81","Standard query 0x0000 PTR _XSplitCam._tcp.local, ""QU"" question"
"633","190.909050622","192.168.153.128","192.168.153.1","DNS","104","Standard query 0x551b A mobile.events.data.microsoft.com.localdomain"
"634","190.909181348","192.168.153.128","192.168.153.1","DNS","104","Standard query 0xf11c AAAA mobile.events.data.microsoft.com.localdomain"
"635","192.375834223","192.168.153.1","224.0.0.251","MDNS","81","Standard query 0x0000 PTR _XSplitCam._tcp.local, ""QU"" question"
"636","192.375927650","192.168.153.128","192.168.153.1","DNS","104","Standard query 0x3f77 A mobile.events.data.microsoft.com.localdomain"
"637","193.368694481","192.168.153.128","192.168.153.1","DNS","92","Standard query 0x8ce5 A mobile.events.data.microsoft.com"
"638","194.494348720","192.168.153.1","224.0.0.251","MDNS","81","Standard query 0x0000 PTR _XSplitCam._tcp.local, ""QU"" question"
"639","196.615602663","192.168.153.1","224.0.0.251","MDNS","81","Standard query 0x0000 PTR _XSplitCam._tcp.local, ""QU"" question"
"640","197.388207699","192.168.153.128","192.168.153.1","DNS","104","Standard query 0x3f77 A mobile.events.data.microsoft.com.localdomain"
"641","198.375303390","192.168.153.128","192.168.153.1","DNS","104","Standard query 0xce37 A mobile.events.data.microsoft.com.localdomain"
"642","198.738980427","192.168.153.1","224.0.0.251","MDNS","81","Standard query 0x0000 PTR _XSplitCam._tcp.local, ""QU"" question"
"643","200.380201647","192.168.153.128","192.168.153.1","DNS","92","Standard query 0x07af A mobile.events.data.microsoft.com"
"644","200.860110734","192.168.153.1","224.0.0.251","MDNS","81","Standard query 0x0000 PTR _XSplitCam._tcp.local, ""QU"" question"
"645","202.406166321","192.168.153.128","192.168.153.1","DNS","92","Standard query 0x66a1 A mobile.events.data.microsoft.com"
"646","202.406298348","192.168.153.128","192.168.153.1","DNS","92","Standard query 0xabad HTTPS mobile.events.data.microsoft.com"
"647","202.981038337","192.168.153.1","224.0.0.251","MDNS","81","Standard query 0x0000 PTR _XSplitCam._tcp.local, ""QU"" question"
"648","203.380801827","192.168.153.128","192.168.153.1","DNS","104","Standard query 0xce37 A mobile.events.data.microsoft.com.localdomain"
"649","203.426950152","192.168.153.128","192.168.153.1","DNS","92","Standard query 0x85d1 A mobile.events.data.microsoft.com"
"650","203.427367451","192.168.153.128","192.168.153.1","DNS","92","Standard query 0x1b1a HTTPS mobile.events.data.microsoft.com"
"651","205.103689811","192.168.153.1","224.0.0.251","MDNS","81","Standard query 0x0000 PTR _XSplitCam._tcp.local, ""QU"" question"
"652","205.391255106","192.168.153.128","192.168.153.1","DNS","92","Standard query 0x07af A mobile.events.data.microsoft.com"
"653","205.454552642","192.168.153.128","192.168.153.1","DNS","92","Standard query 0xa86c A mobile.events.data.microsoft.com"
"654","207.216146070","192.168.153.1","224.0.0.251","MDNS","81","Standard query 0x0000 PTR _XSplitCam._tcp.local, ""QU"" question"
"655","209.325937587","192.168.153.1","224.0.0.251","MDNS","81","Standard query 0x0000 PTR _XSplitCam._tcp.local, ""QU"" question"
"656","210.398774820","192.168.153.128","192.168.153.1","DNS","104","Standard query 0x4f33 A mobile.events.data.microsoft.com.localdomain"
"657","210.461408104","192.168.153.128","192.168.153.1","DNS","92","Standard query 0xa86c A mobile.events.data.microsoft.com"
"658","211.436271910","192.168.153.1","224.0.0.251","MDNS","81","Standard query 0x0000 PTR _XSplitCam._tcp.local, ""QU"" question"
"659","211.464671677","192.168.153.128","192.168.153.1","DNS","92","Standard query 0x6f7a A mobile.events.data.microsoft.com"
"660","213.586830520","192.168.153.1","224.0.0.251","MDNS","81","Standard query 0x0000 PTR _XSplitCam._tcp.local, ""QU"" question"
"661","215.418790501","192.168.153.128","192.168.153.1","DNS","104","Standard query 0x4f33 A mobile.events.data.microsoft.com.localdomain"
"662","215.466579385","192.168.153.128","192.168.153.1","DNS","104","Standard query 0x9be1 A mobile.events.data.microsoft.com.localdomain"
"663","215.667411353","192.168.153.1","224.0.0.251","MDNS","81","Standard query 0x0000 PTR _XSplitCam._tcp.local, ""QU"" question"
"664","216.465158531","192.168.153.128","192.168.153.1","DNS","92","Standard query 0x6f7a A mobile.events.data.microsoft.com"
"665","216.619166131","VMware_96:a6:89","VMware_c0:00:01","ARP","42","Who has 192.168.153.1? Tell 192.168.153.128"
"666","216.619672365","VMware_c0:00:01","VMware_96:a6:89","ARP","60","192.168.153.1 is at 00:50:56:c0:00:01"
"667","217.778811024","192.168.153.1","224.0.0.251","MDNS","81","Standard query 0x0000 PTR _XSplitCam._tcp.local, ""QU"" question"
"668","219.235493484","192.168.153.1","224.0.0.251","MDNS","81","Standard query 0x0000 A BRW4C82A94B53F9.local, ""QM"" question"
"669","219.236218254","fe80::e62b:d1db:2bd6:4437","ff02::fb","MDNS","101","Standard query 0x0000 A BRW4C82A94B53F9.local, ""QM"" question"
"670","219.237122834","192.168.153.1","224.0.0.251","MDNS","81","Standard query 0x0000 A BRW4C82A94B53F9.local, ""QM"" question"
"671","219.237526863","fe80::e62b:d1db:2bd6:4437","ff02::fb","MDNS","101","Standard query 0x0000 A BRW4C82A94B53F9.local, ""QM"" question"
"672","219.238082794","fe80::e62b:d1db:2bd6:4437","ff02::1:3","LLMNR","95","Standard query 0x681f A BRW4C82A94B53F9"
"673","219.238097423","192.168.153.1","224.0.0.252","LLMNR","75","Standard query 0x681f A BRW4C82A94B53F9"
"674","219.350398578","192.168.153.1","224.0.0.251","MDNS","81","Standard query 0x0000 A BRW4C82A94B53F9.local, ""QM"" question"
"675","219.351026724","fe80::e62b:d1db:2bd6:4437","ff02::fb","MDNS","101","Standard query 0x0000 A BRW4C82A94B53F9.local, ""QM"" question"
"676","219.352230556","192.168.153.1","224.0.0.251","MDNS","81","Standard query 0x0000 A BRW4C82A94B53F9.local, ""QM"" question"
"677","219.352534178","fe80::e62b:d1db:2bd6:4437","ff02::fb","MDNS","101","Standard query 0x0000 A BRW4C82A94B53F9.local, ""QM"" question"
"678","219.353075579","fe80::e62b:d1db:2bd6:4437","ff02::1:3","LLMNR","95","Standard query 0xc30f A BRW4C82A94B53F9"
"679","219.353075730","192.168.153.1","224.0.0.252","LLMNR","75","Standard query 0xc30f A BRW4C82A94B53F9"
"680","220.472799549","192.168.153.128","192.168.153.1","DNS","104","Standard query 0x9be1 A mobile.events.data.microsoft.com.localdomain"
"681","221.471680970","192.168.153.1","224.0.0.251","MDNS","81","Standard query 0x0000 PTR _XSplitCam._tcp.local, ""QU"" question"
"682","221.471845395","192.168.153.128","192.168.153.1","DNS","104","Standard query 0xee4c A mobile.events.data.microsoft.com.localdomain"
"683","223.469663351","192.168.153.128","192.168.153.1","DNS","92","Standard query 0x3fe9 A mobile.events.data.microsoft.com"
"684","223.624330071","192.168.153.1","224.0.0.251","MDNS","81","Standard query 0x0000 PTR _XSplitCam._tcp.local, ""QU"" question"
"685","225.706266684","192.168.153.1","224.0.0.251","MDNS","81","Standard query 0x0000 PTR _XSplitCam._tcp.local, ""QU"" question"
"686","226.484391467","192.168.153.128","192.168.153.1","DNS","104","Standard query 0xee4c A mobile.events.data.microsoft.com.localdomain"
"687","227.826650452","192.168.153.1","224.0.0.251","MDNS","81","Standard query 0x0000 PTR _XSplitCam._tcp.local, ""QU"" question"
"688","228.486232707","192.168.153.128","192.168.153.1","DNS","92","Standard query 0x3fe9 A mobile.events.data.microsoft.com"
"689","229.942085661","192.168.153.1","224.0.0.251","MDNS","81","Standard query 0x0000 PTR _XSplitCam._tcp.local, ""QU"" question"
"690","233.491894043","192.168.153.128","192.168.153.1","DNS","104","Standard query 0xfdf4 A mobile.events.data.microsoft.com.localdomain"
"691","235.245058716","192.168.153.1","224.0.0.251","MDNS","81","Standard query 0x0000 PTR _XSplitCam._tcp.local, ""QU"" question"
"692","238.500951863","192.168.153.128","192.168.153.1","DNS","104","Standard query 0xfdf4 A mobile.events.data.microsoft.com.localdomain"
"693","240.253609539","192.168.153.1","224.0.0.251","MDNS","81","Standard query 0x0000 PTR _XSplitCam._tcp.local, ""QU"" question"
"694","245.243679333","192.168.153.1","224.0.0.251","MDNS","81","Standard query 0x0000 PTR _XSplitCam._tcp.local, ""QU"" question"
"695","246.591717069","192.168.153.128","192.168.153.1","DNS","92","Standard query 0x18f1 A mobile.events.data.microsoft.com"
"696","246.591859761","192.168.153.128","192.168.153.1","DNS","92","Standard query 0xc11e HTTPS mobile.events.data.microsoft.com"
"697","247.352983366","192.168.153.1","224.0.0.251","MDNS","81","Standard query 0x0000 PTR _XSplitCam._tcp.local, ""QU"" question"
"698","247.607272230","192.168.153.128","192.168.153.1","DNS","92","Standard query 0xc75c A mobile.events.data.microsoft.com"
"699","247.607499144","192.168.153.128","192.168.153.1","DNS","92","Standard query 0x1e22 HTTPS mobile.events.data.microsoft.com"
"700","249.467314591","192.168.153.1","224.0.0.251","MDNS","81","Standard query 0x0000 PTR _XSplitCam._tcp.local, ""QU"" question"
"701","249.643405002","192.168.153.128","192.168.153.1","DNS","92","Standard query 0xa8b4 A mobile.events.data.microsoft.com"
"702","251.580033510","192.168.153.1","224.0.0.251","MDNS","81","Standard query 0x0000 PTR _XSplitCam._tcp.local, ""QU"" question"
"703","251.697145889","VMware_96:a6:89","VMware_c0:00:01","ARP","42","Who has 192.168.153.1? Tell 192.168.153.128"
"704","251.698041186","VMware_c0:00:01","VMware_96:a6:89","ARP","60","192.168.153.1 is at 00:50:56:c0:00:01"
"705","253.702268849","192.168.153.1","224.0.0.251","MDNS","81","Standard query 0x0000 PTR _XSplitCam._tcp.local, ""QU"" question"
"706","254.657352473","192.168.153.128","192.168.153.1","DNS","92","Standard query 0xa8b4 A mobile.events.data.microsoft.com"
"707","255.649452909","192.168.153.128","192.168.153.1","DNS","92","Standard query 0x2c67 A mobile.events.data.microsoft.com"
"708","255.824521157","192.168.153.1","224.0.0.251","MDNS","81","Standard query 0x0000 PTR _XSplitCam._tcp.local, ""QU"" question"
"709","257.934564822","192.168.153.1","224.0.0.251","MDNS","81","Standard query 0x0000 PTR _XSplitCam._tcp.local, ""QU"" question"
"710","259.660339696","192.168.153.128","192.168.153.1","DNS","104","Standard query 0x25bc A mobile.events.data.microsoft.com.localdomain"
"711","260.044472950","192.168.153.1","224.0.0.251","MDNS","81","Standard query 0x0000 PTR _XSplitCam._tcp.local, ""QU"" question"
"712","260.652261702","192.168.153.128","192.168.153.1","DNS","92","Standard query 0x2c67 A mobile.events.data.microsoft.com"
"713","262.154398261","192.168.153.1","224.0.0.251","MDNS","81","Standard query 0x0000 PTR _XSplitCam._tcp.local, ""QU"" question"
"714","264.265521723","192.168.153.1","224.0.0.251","MDNS","81","Standard query 0x0000 PTR _XSplitCam._tcp.local, ""QU"" question"
"715","264.664778873","192.168.153.128","192.168.153.1","DNS","104","Standard query 0x25bc A mobile.events.data.microsoft.com.localdomain"
"716","265.659787868","192.168.153.128","192.168.153.1","DNS","104","Standard query 0xce90 A mobile.events.data.microsoft.com.localdomain"
"717","266.374583446","192.168.153.1","224.0.0.251","MDNS","81","Standard query 0x0000 PTR _XSplitCam._tcp.local, ""QU"" question"
"718","267.650651017","192.168.153.128","192.168.153.1","DNS","92","Standard query 0xace3 A mobile.events.data.microsoft.com"
"719","268.492492069","192.168.153.1","224.0.0.251","MDNS","81","Standard query 0x0000 PTR _XSplitCam._tcp.local, ""QU"" question"
"720","269.680702731","192.168.153.128","192.168.153.1","DNS","92","Standard query 0xb0b5 A mobile.events.data.microsoft.com"
"721","269.681155052","192.168.153.128","192.168.153.1","DNS","92","Standard query 0x1e94 HTTPS mobile.events.data.microsoft.com"
"722","270.611594653","192.168.153.1","224.0.0.251","MDNS","81","Standard query 0x0000 PTR _XSplitCam._tcp.local, ""QU"" question"
"723","270.678642493","192.168.153.128","192.168.153.1","DNS","104","Standard query 0xce90 A mobile.events.data.microsoft.com.localdomain"
"724","270.694377568","192.168.153.128","192.168.153.1","DNS","92","Standard query 0xa78e A mobile.events.data.microsoft.com"
"725","270.694697998","192.168.153.128","192.168.153.1","DNS","92","Standard query 0xa70a HTTPS mobile.events.data.microsoft.com"
"726","272.656096300","192.168.153.128","192.168.153.1","DNS","92","Standard query 0xace3 A mobile.events.data.microsoft.com"
"727","272.718981840","192.168.153.128","192.168.153.1","DNS","92","Standard query 0xb15d A mobile.events.data.microsoft.com"
"728","272.739697761","192.168.153.1","224.0.0.251","MDNS","81","Standard query 0x0000 PTR _XSplitCam._tcp.local, ""QU"" question"
"729","274.859931495","192.168.153.1","224.0.0.251","MDNS","81","Standard query 0x0000 PTR _XSplitCam._tcp.local, ""QU"" question"
"730","276.978488756","192.168.153.1","224.0.0.251","MDNS","81","Standard query 0x0000 PTR _XSplitCam._tcp.local, ""QU"" question"
"731","277.662543063","192.168.153.128","192.168.153.1","DNS","104","Standard query 0x14a7 A mobile.events.data.microsoft.com.localdomain"
"732","277.724142623","192.168.153.128","192.168.153.1","DNS","92","Standard query 0xb15d A mobile.events.data.microsoft.com"
"733","278.734449447","192.168.153.128","192.168.153.1","DNS","92","Standard query 0x7a59 A mobile.events.data.microsoft.com"
"734","279.098543085","192.168.153.1","224.0.0.251","MDNS","81","Standard query 0x0000 PTR _XSplitCam._tcp.local, ""QU"" question"
"735","281.220209169","192.168.153.1","224.0.0.251","MDNS","81","Standard query 0x0000 PTR _XSplitCam._tcp.local, ""QU"" question"
"736","282.667079953","192.168.153.128","192.168.153.1","DNS","104","Standard query 0x14a7 A mobile.events.data.microsoft.com.localdomain"
"737","282.743631458","192.168.153.128","192.168.153.1","DNS","104","Standard query 0x5307 A mobile.events.data.microsoft.com.localdomain"
"738","282.929550512","VMware_96:a6:89","VMware_c0:00:01","ARP","42","Who has 192.168.153.1? Tell 192.168.153.128"
"739","282.930067018","VMware_c0:00:01","VMware_96:a6:89","ARP","60","192.168.153.1 is at 00:50:56:c0:00:01"
"740","283.342814486","192.168.153.1","224.0.0.251","MDNS","81","Standard query 0x0000 PTR _XSplitCam._tcp.local, ""QU"" question"
"741","283.746897792","192.168.153.128","192.168.153.1","DNS","92","Standard query 0x7a59 A mobile.events.data.microsoft.com"
"742","285.462537568","192.168.153.1","224.0.0.251","MDNS","81","Standard query 0x0000 PTR _XSplitCam._tcp.local, ""QU"" question"
"743","287.750474606","192.168.153.128","192.168.153.1","DNS","104","Standard query 0x5307 A mobile.events.data.microsoft.com.localdomain"
"744","288.754882644","192.168.153.128","192.168.153.1","DNS","104","Standard query 0x930c A mobile.events.data.microsoft.com.localdomain"
"745","290.251797210","192.168.153.1","224.0.0.251","MDNS","81","Standard query 0x0000 PTR _XSplitCam._tcp.local, ""QU"" question"
"746","290.739887426","192.168.153.128","192.168.153.1","DNS","92","Standard query 0x0ca6 A mobile.events.data.microsoft.com"
"747","293.770104963","192.168.153.128","192.168.153.1","DNS","104","Standard query 0x930c A mobile.events.data.microsoft.com.localdomain"
"748","295.250729043","192.168.153.1","224.0.0.251","MDNS","81","Standard query 0x0000 PTR _XSplitCam._tcp.local, ""QU"" question"
"749","295.753177792","192.168.153.128","192.168.153.1","DNS","92","Standard query 0x0ca6 A mobile.events.data.microsoft.com"
"750","296.278575291","192.168.153.128","192.168.153.1","DNS","92","Standard query 0x3fb2 A mobile.events.data.microsoft.com"
"751","296.279034037","192.168.153.128","192.168.153.1","DNS","92","Standard query 0xb244 HTTPS mobile.events.data.microsoft.com"
"752","297.302500140","192.168.153.128","192.168.153.1","DNS","92","Standard query 0xd70d A mobile.events.data.microsoft.com"
"753","297.302797231","192.168.153.128","192.168.153.1","DNS","92","Standard query 0x00a7 HTTPS mobile.events.data.microsoft.com"
"754","299.338117924","192.168.153.128","192.168.153.1","DNS","92","Standard query 0x6647 A mobile.events.data.microsoft.com"
"755","300.251477337","192.168.153.1","224.0.0.251","MDNS","81","Standard query 0x0000 PTR _XSplitCam._tcp.local, ""QU"" question"
"756","300.760528115","192.168.153.128","192.168.153.1","DNS","104","Standard query 0x38fe A mobile.events.data.microsoft.com.localdomain"
"757","302.372253706","192.168.153.1","224.0.0.251","MDNS","81","Standard query 0x0000 PTR _XSplitCam._tcp.local, ""QU"" question"
"758","304.345270615","192.168.153.128","192.168.153.1","DNS","92","Standard query 0x6647 A mobile.events.data.microsoft.com"
"759","304.494342375","192.168.153.1","224.0.0.251","MDNS","81","Standard query 0x0000 PTR _XSplitCam._tcp.local, ""QU"" question"
"760","305.348724521","192.168.153.128","192.168.153.1","DNS","92","Standard query 0xf4a5 A mobile.events.data.microsoft.com"
"761","305.780357162","192.168.153.128","192.168.153.1","DNS","104","Standard query 0x38fe A mobile.events.data.microsoft.com.localdomain"
"762","306.614509745","192.168.153.1","224.0.0.251","MDNS","81","Standard query 0x0000 PTR _XSplitCam._tcp.local, ""QU"" question"
"763","308.735093964","192.168.153.1","224.0.0.251","MDNS","81","Standard query 0x0000 PTR _XSplitCam._tcp.local, ""QU"" question"
"764","309.353570938","192.168.153.128","192.168.153.1","DNS","104","Standard query 0xdf1f A mobile.events.data.microsoft.com.localdomain"
"765","310.361492908","192.168.153.128","192.168.153.1","DNS","92","Standard query 0xf4a5 A mobile.events.data.microsoft.com"
"766","310.856735781","192.168.153.1","224.0.0.251","MDNS","81","Standard query 0x0000 PTR _XSplitCam._tcp.local, ""QU"" question"
"767","312.977207787","192.168.153.1","224.0.0.251","MDNS","81","Standard query 0x0000 PTR _XSplitCam._tcp.local, ""QU"" question"
"768","314.361708498","192.168.153.128","192.168.153.1","DNS","104","Standard query 0xdf1f A mobile.events.data.microsoft.com.localdomain"
"769","314.407273040","VMware_96:a6:89","VMware_c0:00:01","ARP","42","Who has 192.168.153.1? Tell 192.168.153.128"
"770","314.407798466","VMware_c0:00:01","VMware_96:a6:89","ARP","60","192.168.153.1 is at 00:50:56:c0:00:01"
"771","315.096844296","192.168.153.1","224.0.0.251","MDNS","81","Standard query 0x0000 PTR _XSplitCam._tcp.local, ""QU"" question"
"772","315.380605756","192.168.153.128","192.168.153.1","DNS","104","Standard query 0xdc5e A mobile.events.data.microsoft.com.localdomain"
"773","315.828613834","192.168.153.1","224.0.0.251","MDNS","81","Standard query 0x0000 A BRW4C82A94B53F9.local, ""QM"" question"
"774","315.830177658","fe80::e62b:d1db:2bd6:4437","ff02::fb","MDNS","101","Standard query 0x0000 A BRW4C82A94B53F9.local, ""QM"" question"
"775","315.832838221","192.168.153.1","224.0.0.251","MDNS","81","Standard query 0x0000 A BRW4C82A94B53F9.local, ""QM"" question"
"776","315.833795221","fe80::e62b:d1db:2bd6:4437","ff02::fb","MDNS","101","Standard query 0x0000 A BRW4C82A94B53F9.local, ""QM"" question"
"777","315.835968886","fe80::e62b:d1db:2bd6:4437","ff02::1:3","LLMNR","95","Standard query 0x92f2 A BRW4C82A94B53F9"
"778","315.835969354","192.168.153.1","224.0.0.252","LLMNR","75","Standard query 0x92f2 A BRW4C82A94B53F9"
"779","317.349141508","192.168.153.128","192.168.153.1","DNS","92","Standard query 0x8a82 A mobile.events.data.microsoft.com"
"780","317.941994554","192.168.153.1","224.0.0.251","MDNS","81","Standard query 0x0000 PTR _XSplitCam._tcp.local, ""QU"" question"
"781","319.365603926","192.168.153.128","192.168.153.1","DNS","92","Standard query 0x1858 A mobile.events.data.microsoft.com"
"782","319.365702094","192.168.153.128","192.168.153.1","DNS","92","Standard query 0x568d HTTPS mobile.events.data.microsoft.com"
"783","320.051988945","192.168.153.1","224.0.0.251","MDNS","81","Standard query 0x0000 PTR _XSplitCam._tcp.local, ""QU"" question"
"784","320.376883871","192.168.153.128","192.168.153.1","DNS","92","Standard query 0x8d55 A mobile.events.data.microsoft.com"
"785","320.377040240","192.168.153.128","192.168.153.1","DNS","92","Standard query 0xf8e5 HTTPS mobile.events.data.microsoft.com"
"786","320.389181573","192.168.153.128","192.168.153.1","DNS","104","Standard query 0xdc5e A mobile.events.data.microsoft.com.localdomain"
"787","322.160500821","192.168.153.1","224.0.0.251","MDNS","81","Standard query 0x0000 PTR _XSplitCam._tcp.local, ""QU"" question"
"788","322.356567371","192.168.153.128","192.168.153.1","DNS","92","Standard query 0x8a82 A mobile.events.data.microsoft.com"
"789","322.397824221","192.168.153.128","192.168.153.1","DNS","92","Standard query 0xf686 A mobile.events.data.microsoft.com"
"790","324.269576964","192.168.153.1","224.0.0.251","MDNS","81","Standard query 0x0000 PTR _XSplitCam._tcp.local, ""QU"" question"
"791","326.379873063","192.168.153.1","224.0.0.251","MDNS","81","Standard query 0x0000 PTR _XSplitCam._tcp.local, ""QU"" question"
"792","327.360274354","192.168.153.128","192.168.153.1","DNS","104","Standard query 0x987b A mobile.events.data.microsoft.com.localdomain"
"793","327.400590180","192.168.153.128","192.168.153.1","DNS","92","Standard query 0xf686 A mobile.events.data.microsoft.com"
"794","328.400491429","192.168.153.128","192.168.153.1","DNS","92","Standard query 0xc51b A mobile.events.data.microsoft.com"
"795","328.488262702","192.168.153.1","224.0.0.251","MDNS","81","Standard query 0x0000 PTR _XSplitCam._tcp.local, ""QU"" question"
"796","330.597276558","192.168.153.1","224.0.0.251","MDNS","81","Standard query 0x0000 PTR _XSplitCam._tcp.local, ""QU"" question"
"797","332.366155195","192.168.153.128","192.168.153.1","DNS","104","Standard query 0x987b A mobile.events.data.microsoft.com.localdomain"
